Date,Open,High,Low,Close
2023-12-07,43769.1328125,44042.58984375,42880.6484375,43292.6640625
2023-12-08,43293.13671875,44705.515625,43125.296875,44166.6015625
2023-12-09,44180.01953125,44361.2578125,43627.59765625,43725.984375
2023-12-10,43728.3828125,44034.625,43593.28515625,43779.69921875
2023-12-11,43792.01953125,43808.375,40234.578125,41243.83203125
2023-12-12,41238.734375,42048.3046875,40667.5625,41450.22265625
2023-12-13,41468.46484375,43429.78125,40676.8671875,42890.7421875
2023-12-14,42884.26171875,43390.859375,41767.08984375,43023.97265625
2023-12-15,43028.25,43087.82421875,41692.96875,41929.7578125
2023-12-16,41937.7421875,42664.9453125,41723.11328125,42240.1171875
2023-12-17,42236.109375,42359.49609375,41274.54296875,41364.6640625
2023-12-18,41348.203125,42720.296875,40530.2578125,42623.5390625
2023-12-19,42641.51171875,43354.296875,41826.3359375,42270.52734375
2023-12-20,42261.30078125,44275.5859375,42223.81640625,43652.25
2023-12-21,43648.125,44240.66796875,43330.05078125,43869.15234375
2023-12-22,43868.98828125,44367.95703125,43441.96875,43997.90234375
2023-12-23,44012.19921875,44015.69921875,43351.35546875,43739.54296875
2023-12-24,43728.3671875,43945.5234375,42786.91796875,43016.1171875
2023-12-25,43010.57421875,43765.09375,42765.76953125,43613.140625
2023-12-26,43599.84765625,43603.17578125,41676.48828125,42520.40234375
2023-12-27,42518.46875,43683.16015625,42167.58203125,43442.85546875
2023-12-28,43468.19921875,43804.78125,42318.55078125,42627.85546875
2023-12-29,42614.64453125,43124.32421875,41424.0625,42099.40234375
2023-12-30,42091.75390625,42584.125,41556.2265625,42156.90234375
2023-12-31,42152.09765625,42860.9375,41998.25390625,42265.1875
2024-01-01,42280.234375,44175.4375,42214.9765625,44167.33203125
2024-01-02,44187.140625,45899.70703125,44176.94921875,44957.96875
2024-01-03,44961.6015625,45503.2421875,40813.53515625,42848.17578125
2024-01-04,42855.81640625,44770.0234375,42675.17578125,44179.921875
2024-01-05,44192.98046875,44353.28515625,42784.71875,44162.69140625
2024-01-06,44178.953125,44227.6328125,43475.15625,43989.1953125
2024-01-07,43998.46484375,44495.5703125,43662.23046875,43943.09765625
2024-01-08,43948.70703125,47218.0,43244.08203125,46970.50390625
2024-01-09,46987.640625,47893.69921875,45244.71484375,46139.73046875
2024-01-10,46121.5390625,47647.22265625,44483.15234375,46627.77734375
2024-01-11,46656.07421875,48969.37109375,45678.64453125,46368.5859375
2024-01-12,46354.79296875,46498.13671875,41903.76953125,42853.16796875
2024-01-13,42799.4453125,43234.66015625,42464.14453125,42842.3828125
2024-01-14,42842.26171875,43065.59765625,41724.61328125,41796.26953125
2024-01-15,41715.06640625,43319.72265625,41705.41796875,42511.96875
2024-01-16,42499.3359375,43566.2734375,42085.99609375,43154.9453125
2024-01-17,43132.1015625,43189.890625,42189.30859375,42742.65234375
2024-01-18,42742.3125,42876.34765625,40631.171875,41262.05859375
2024-01-19,41278.4609375,42134.16015625,40297.45703125,41618.40625
2024-01-20,41624.58984375,41877.89453125,41446.82421875,41665.5859375
2024-01-21,41671.48828125,41855.3671875,41497.0078125,41545.78515625
2024-01-22,41553.65234375,41651.20703125,39450.1171875,39507.3671875
2024-01-23,39518.71484375,40127.3515625,38521.89453125,39845.55078125
2024-01-24,39877.59375,40483.78515625,39508.796875,40077.07421875
2024-01-25,40075.55078125,40254.48046875,39545.6640625,39933.80859375
2024-01-26,39936.81640625,42209.38671875,39825.69140625,41816.87109375
2024-01-27,41815.625,42195.6328125,41431.28125,42120.0546875
2024-01-28,42126.125,42797.17578125,41696.91015625,42035.59375
2024-01-29,42030.9140625,43305.8671875,41818.33203125,43288.24609375
2024-01-30,43300.2265625,43838.9453125,42711.37109375,42952.609375
2024-01-31,42946.25,43717.40625,42298.9453125,42582.60546875
2024-02-01,42569.76171875,43243.16796875,41879.19140625,43075.7734375
2024-02-02,43077.640625,43422.48828125,42584.3359375,43185.859375
2024-02-03,43184.96484375,43359.94140625,42890.80859375,42992.25
2024-02-04,42994.94140625,43097.64453125,42374.83203125,42583.58203125
2024-02-05,42577.62109375,43494.25,42264.81640625,42658.66796875
2024-02-06,42657.390625,43344.1484375,42529.01953125,43084.671875
2024-02-07,43090.01953125,44341.94921875,42775.95703125,44318.22265625
2024-02-08,44332.125,45575.83984375,44332.125,45301.56640625
2024-02-09,45297.3828125,48152.49609375,45260.82421875,47147.19921875
2024-02-10,47153.52734375,48146.171875,46905.3203125,47771.27734375
2024-02-11,47768.96875,48535.9375,47617.40625,48293.91796875
2024-02-12,48296.38671875,50280.4765625,47745.76171875,49958.22265625
2024-02-13,49941.359375,50358.390625,48406.49609375,49742.44140625
2024-02-14,49733.4453125,52021.37109375,49296.83203125,51826.6953125
2024-02-15,51836.78515625,52820.06640625,51371.62890625,51938.5546875
2024-02-16,51937.7265625,52537.96875,51641.3671875,52160.203125
2024-02-17,52161.67578125,52191.9140625,50669.66796875,51662.99609375
2024-02-18,51661.96875,52356.96484375,51233.70703125,52122.546875
2024-02-19,52134.8125,52483.32421875,51711.8203125,51779.14453125
2024-02-20,51777.7265625,52945.05078125,50792.3125,52284.875
2024-02-21,52273.53515625,52368.81640625,50671.7578125,51839.1796875
2024-02-22,51854.64453125,52009.61328125,50926.29296875,51304.97265625
2024-02-23,51283.90625,51497.93359375,50561.77734375,50731.94921875
2024-02-24,50736.37109375,51684.1953125,50585.4453125,51571.1015625
2024-02-25,51565.21484375,51950.02734375,51306.171875,51733.23828125
2024-02-26,51730.5390625,54938.17578125,50931.03125,54522.40234375
2024-02-27,54519.36328125,57537.83984375,54484.19921875,57085.37109375
2024-02-28,57071.09765625,63913.1328125,56738.42578125,62504.7890625
2024-02-29,62499.18359375,63585.64453125,60498.73046875,61198.3828125
2024-03-01,61168.0625,63155.1015625,60802.52734375,62440.6328125
2024-03-02,62431.65234375,62458.69921875,61657.2890625,62029.84765625
2024-03-03,62031.578125,63230.2109375,61435.0234375,63167.37109375
2024-03-04,63137.00390625,68537.03125,62386.51953125,68330.4140625
2024-03-05,68341.0546875,69170.625,59323.91015625,63801.19921875
2024-03-06,63776.05078125,67637.9296875,62848.671875,66106.8046875
2024-03-07,66099.7421875,68029.921875,65655.53125,66925.484375
2024-03-08,66938.09375,70083.0546875,66230.453125,68300.09375
2024-03-09,68299.2578125,68673.0546875,68053.125,68498.8828125
2024-03-10,68500.2578125,70005.203125,68239.9765625,69019.7890625
2024-03-11,69020.546875,72850.7109375,67194.8828125,72123.90625
2024-03-12,72125.125,72825.65625,68728.8515625,71481.2890625
2024-03-13,71482.1171875,73637.4765625,71334.09375,73083.5
2024-03-14,73079.375,73750.0703125,68563.0234375,71396.59375
2024-03-15,71387.875,72357.1328125,65630.6953125,69403.7734375
2024-03-16,69392.484375,70046.2734375,64801.39453125,65315.1171875
2024-03-17,65316.34375,68845.71875,64545.31640625,68390.625
2024-03-18,68371.3046875,68897.1328125,66594.2265625,67548.59375
2024-03-19,67556.1328125,68106.9296875,61536.1796875,61912.7734375
2024-03-20,61930.15625,68115.2578125,60807.78515625,67913.671875
2024-03-21,67911.5859375,68199.9921875,64580.91796875,65491.390625
2024-03-22,65489.9296875,66623.75,62355.37109375,63778.76171875
2024-03-23,63802.72265625,65976.3984375,63038.4921875,64062.203125
2024-03-24,64070.75390625,67622.7578125,63825.8515625,67234.171875
2024-03-25,67234.09375,71162.59375,66414.8359375,69958.8125
2024-03-26,69931.328125,71535.7421875,69335.609375,69987.8359375
2024-03-27,69991.8984375,71727.6875,68381.9296875,69455.34375
2024-03-28,69452.7734375,71546.0234375,68895.5078125,70744.953125
2024-03-29,70744.796875,70913.09375,69076.65625,69892.828125
2024-03-30,69893.4453125,70355.4921875,69601.0625,69645.3046875
2024-03-31,69647.78125,71377.78125,69624.8671875,71333.6484375
2024-04-01,71333.484375,71342.09375,68110.6953125,69702.1484375
2024-04-02,69705.0234375,69708.3828125,64586.59375,65446.97265625
2024-04-03,65446.671875,66914.3203125,64559.8984375,65980.8125
2024-04-04,65975.6953125,69291.2578125,65113.796875,68508.84375
2024-04-05,68515.7578125,68725.7578125,66011.4765625,67837.640625
2024-04-06,67840.5703125,69629.6015625,67491.71875,68896.109375
2024-04-07,68897.109375,70284.4296875,68851.6328125,69362.5546875
2024-04-08,69362.5546875,72715.359375,69064.2421875,71631.359375
2024-04-09,71632.5,71742.5078125,68212.921875,69139.015625
2024-04-10,69140.2421875,71093.4296875,67503.5625,70587.8828125
2024-04-11,70575.734375,71256.234375,69571.8125,70060.609375
2024-04-12,70061.3828125,71222.7421875,65254.8359375,67195.8671875
2024-04-13,67188.375,67931.4296875,60919.10546875,63821.47265625
2024-04-14,63836.23046875,65824.4296875,62205.8515625,65738.7265625
2024-04-15,65739.6484375,66878.6484375,62332.0703125,63426.2109375
2024-04-16,63419.296875,64355.66796875,61716.40234375,63811.86328125
2024-04-17,63831.84765625,64486.36328125,59768.5859375,61276.69140625
2024-04-18,61275.31640625,64125.6875,60833.48046875,63512.75390625
2024-04-19,63510.75,65481.59765625,59651.390625,63843.5703125
2024-04-20,63851.1015625,65442.45703125,63172.40234375,64994.44140625
2024-04-21,64992.81640625,65723.2421875,64277.72265625,64926.64453125
2024-04-22,64935.6328125,67233.9609375,64548.1796875,66837.6796875
2024-04-23,66839.890625,67199.2421875,65864.8671875,66407.2734375
2024-04-24,66408.71875,67075.3671875,63589.87109375,64276.8984375
2024-04-25,64275.01953125,65275.20703125,62783.6328125,64481.70703125
2024-04-26,64485.37109375,64789.65625,63322.3984375,63755.3203125
2024-04-27,63750.98828125,63898.36328125,62424.71875,63419.140625
2024-04-28,63423.515625,64321.484375,62793.59765625,63113.23046875
2024-04-29,63106.36328125,64174.87890625,61795.45703125,63841.12109375
2024-04-30,63839.41796875,64703.33203125,59120.06640625,60636.85546875
2024-05-01,60609.49609375,60780.5,56555.29296875,58254.01171875
2024-05-02,58253.703125,59602.296875,56937.203125,59123.43359375
2024-05-03,59122.30078125,63320.50390625,58848.3125,62889.8359375
2024-05-04,62891.03125,64494.95703125,62599.3515625,63891.47265625
2024-05-05,63892.453125,64610.890625,62955.3046875,64031.1328125
2024-05-06,64038.3125,65494.90234375,62746.23828125,63161.94921875
2024-05-07,63162.76171875,64390.45703125,62285.98046875,62334.81640625
2024-05-08,62332.640625,62986.0859375,60877.12890625,61187.94140625
2024-05-09,61191.19921875,63404.9140625,60648.07421875,63049.9609375
2024-05-10,63055.19140625,63446.7421875,60208.78125,60792.77734375
2024-05-11,60793.35546875,61451.15234375,60492.625,60793.7109375
2024-05-12,60793.50390625,61818.15625,60632.6015625,61448.39453125
2024-05-13,61451.21875,63422.66015625,60769.83984375,62901.44921875
2024-05-14,62900.7734375,63092.125,61123.765625,61552.7890625
2024-05-15,61553.98828125,66454.453125,61330.41015625,66267.4921875
2024-05-16,66256.109375,66712.4296875,64613.0546875,65231.58203125
2024-05-17,65231.296875,67459.4609375,65119.31640625,67051.875
2024-05-18,67066.2109375,67387.328125,66663.5,66940.8046875
2024-05-19,66937.9296875,67694.296875,65937.1796875,66278.3671875
2024-05-20,66278.7421875,71483.5625,66086.171875,71448.1953125
2024-05-21,71443.0625,71946.4609375,69191.125,70136.53125
2024-05-22,70135.3203125,70623.6953125,68977.6953125,69122.3359375
2024-05-23,69121.3046875,70041.2734375,66356.953125,67929.5625
2024-05-24,67928.1328125,69220.296875,66622.671875,68526.1015625
2024-05-25,68526.921875,69579.3203125,68515.8203125,69265.9453125
2024-05-26,69264.2890625,69506.2265625,68183.890625,68518.09375
2024-05-27,68512.1796875,70597.8828125,68232.5,69394.5546875
2024-05-28,69392.1953125,69514.640625,67227.15625,68296.21875
2024-05-29,68296.3515625,68852.4609375,67101.4921875,67578.09375
2024-05-30,67576.0859375,69500.5390625,67118.078125,68364.9921875
2024-05-31,68362.515625,68999.5625,66633.421875,67491.4140625
2024-06-01,67489.609375,67839.765625,67386.1953125,67706.9375
2024-06-02,67710.2734375,68409.1640625,67315.5234375,67751.6015625
2024-06-03,67753.8984375,70230.8203125,67589.8359375,68804.78125
2024-06-04,68804.5703125,71047.40625,68564.640625,70567.765625
2024-06-05,70568.3515625,71735.4140625,70390.7109375,71082.8203125
2024-06-06,71082.84375,71625.734375,70119.125,70757.1640625
2024-06-07,70759.1875,71907.8515625,68507.2578125,69342.5859375
2024-06-08,69324.1796875,69533.3203125,69210.7421875,69305.7734375
2024-06-09,69297.4921875,69817.5234375,69160.84375,69647.9921875
2024-06-10,69644.3125,70146.0703125,69232.421875,69512.28125
2024-06-11,69508.078125,69549.4140625,66123.6015625,67332.03125
2024-06-12,67321.375,69977.890625,66902.453125,68241.1875
2024-06-13,68243.1015625,68365.78125,66304.5625,66756.3984375
2024-06-14,66747.5703125,67294.6484375,65056.89453125,66011.09375
2024-06-15,66006.7421875,66402.1875,65871.7734375,66191.0
2024-06-16,66189.359375,66894.84375,66018.25,66639.046875
2024-06-17,66636.515625,67188.3203125,65094.96484375,66490.296875
2024-06-18,66490.9765625,66556.703125,64066.95703125,65140.74609375
2024-06-19,65146.66015625,65695.3515625,64693.30078125,64960.296875
2024-06-20,64960.296875,66438.9609375,64547.84765625,64828.65625
2024-06-21,64837.98828125,65007.546875,63378.89453125,64096.19921875
2024-06-22,64113.86328125,64475.46875,63929.7578125,64252.578125
2024-06-23,64248.96484375,64491.703125,63180.796875,63180.796875
2024-06-24,63173.3515625,63292.52734375,58601.69921875,60277.4140625
2024-06-25,60266.28125,62258.26171875,60239.75,61804.640625
2024-06-26,61789.67578125,62434.13671875,60695.1875,60811.27734375
2024-06-27,60811.2265625,62293.86328125,60585.33203125,61604.80078125
2024-06-28,61612.8046875,62126.09765625,59985.40234375,60320.13671875
2024-06-29,60319.875,61097.62109375,60300.96484375,60887.37890625
2024-06-30,60888.4453125,62892.828125,60632.94921875,62678.29296875
2024-07-01,62673.60546875,63777.2265625,62495.51171875,62851.98046875
2024-07-02,62844.41015625,63203.359375,61752.74609375,62029.015625
2024-07-03,62034.33203125,62187.703125,59419.38671875,60173.921875
2024-07-04,60147.13671875,60399.67578125,56777.8046875,56977.703125
2024-07-05,57022.80859375,57497.15234375,53717.375,56662.375
2024-07-06,56659.07421875,58472.546875,56038.9609375,58303.5390625
2024-07-07,58239.4296875,58371.12109375,55793.32421875,55849.109375
2024-07-08,55849.57421875,58131.3359375,54321.01953125,56705.09765625
2024-07-09,56704.59765625,58239.1953125,56316.875,58009.2265625
2024-07-10,58033.8828125,59359.43359375,57178.4140625,57742.49609375
2024-07-11,57729.890625,59299.43359375,57120.37890625,57344.9140625
2024-07-12,57341.1953125,58532.5546875,56590.17578125,57899.46484375
2024-07-13,57908.73828125,59787.078125,57796.44140625,59231.953125
2024-07-14,59225.25,61329.52734375,59225.25,60787.79296875
2024-07-15,60815.45703125,64870.15234375,60704.9296875,64870.15234375
2024-07-16,64784.41796875,65354.33984375,62487.96875,65097.1484375
2024-07-17,65091.83203125,66066.734375,63896.0859375,64118.79296875
2024-07-18,64104.73828125,65104.66015625,63246.1640625,63974.06640625
2024-07-19,63972.32421875,67442.640625,63329.34375,66710.15625
2024-07-20,66709.921875,67610.734375,66299.6171875,67163.6484375
2024-07-21,67164.9140625,68372.90625,65842.296875,68154.5234375
2024-07-22,68152.9765625,68480.0625,66611.296875,67585.25
2024-07-23,67584.8046875,67779.015625,65484.4609375,65927.671875
2024-07-24,65927.859375,67113.984375,65146.99609375,65372.1328125
2024-07-25,65375.875,66112.421875,63473.47265625,65777.2265625
2024-07-26,65771.8125,68207.6015625,65743.765625,67912.0625
2024-07-27,67911.8125,69398.5078125,66705.21875,67813.3359375
2024-07-28,67808.65625,68301.8515625,67085.828125,68255.8671875
2024-07-29,68259.0546875,69987.5390625,66532.59375,66819.9140625
2024-07-30,66819.0546875,66987.671875,65323.19140625,66201.015625
2024-07-31,66201.2734375,66810.2109375,64532.046875,64619.25
2024-08-01,64625.83984375,65593.2421875,62248.94140625,65357.5
2024-08-02,65353.5,65523.22265625,61184.89453125,61415.06640625
2024-08-03,61414.80859375,62148.37109375,59836.52734375,60680.09375
2024-08-04,60676.09375,61062.98828125,57210.8046875,58116.9765625
2024-08-05,58110.296875,58268.828125,49121.23828125,53991.45703125
2024-08-06,53991.34765625,57059.91796875,53973.2734375,56034.31640625
2024-08-07,56040.6328125,57726.8828125,54620.5078125,55027.4609375
2024-08-08,55030.02734375,62673.765625,54766.7265625,61710.13671875
2024-08-09,61728.20703125,61751.86328125,59587.859375,60880.11328125
2024-08-10,60881.23046875,61464.51171875,60287.56640625,60945.8125
2024-08-11,60944.890625,61778.66015625,58348.82421875,58719.484375
2024-08-12,58719.39453125,60680.33203125,57688.8984375,59354.515625
2024-08-13,59356.20703125,61572.3984375,58506.25390625,60609.56640625
2024-08-14,60611.05078125,61687.7578125,58472.875,58737.26953125
2024-08-15,58733.26171875,59838.6484375,56161.59375,57560.09765625
2024-08-16,57560.2734375,59847.359375,57110.01953125,58894.10546875
2024-08-17,58893.53125,59694.66796875,58814.83203125,59478.97265625
2024-08-18,59468.1328125,60262.71875,58445.40234375,58483.96484375
2024-08-19,58480.7109375,59612.66015625,57864.7109375,59493.453125
2024-08-20,59493.453125,61396.328125,58610.8828125,59012.79296875
2024-08-21,59014.98828125,61834.3515625,58823.4453125,61175.19140625
2024-08-22,61168.31640625,61408.109375,59815.25390625,60381.9140625
2024-08-23,60380.953125,64947.0625,60372.05078125,64094.35546875
2024-08-24,64103.87109375,64513.7890625,63619.91796875,64178.9921875
2024-08-25,64176.3671875,64996.421875,63833.51953125,64333.54296875
2024-08-26,64342.2265625,64489.70703125,62849.55859375,62880.66015625
2024-08-27,62879.70703125,63210.796875,58116.75,59504.1328125
2024-08-28,59507.92578125,60236.44921875,57890.67578125,59027.625
2024-08-29,59027.46875,61184.08203125,58786.2265625,59388.1796875
2024-08-30,59388.6015625,59896.88671875,57768.53125,59119.4765625
2024-08-31,59117.48046875,59432.59375,58768.78515625,58969.8984375
2024-09-01,58969.80078125,59062.0703125,57217.82421875,57325.48828125
2024-09-02,57326.96875,59403.0703125,57136.02734375,59112.48046875
2024-09-03,59106.19140625,59815.05859375,57425.16796875,57431.0234375
2024-09-04,57430.34765625,58511.5703125,55673.1640625,57971.5390625
2024-09-05,57971.703125,58300.58203125,55712.453125,56160.48828125
2024-09-06,56160.19140625,56976.109375,52598.69921875,53948.75390625
2024-09-07,53949.0859375,54838.14453125,53740.0703125,54139.6875
2024-09-08,54147.93359375,55300.859375,53653.7578125,54841.56640625
2024-09-09,54851.88671875,58041.125,54598.43359375,57019.53515625
2024-09-10,57020.09765625,58029.9765625,56419.4140625,57648.7109375
2024-09-11,57650.2890625,57991.3203125,55567.33984375,57343.171875
2024-09-12,57343.171875,58534.359375,57330.1015625,58127.01171875
2024-09-13,58130.32421875,60648.0234375,57650.11328125,60571.30078125
2024-09-14,60569.1171875,60656.72265625,59517.8828125,60005.12109375
2024-09-15,60000.7265625,60381.91796875,58696.30859375,59182.8359375
2024-09-16,59185.2265625,59205.51171875,57501.33984375,58192.5078125
2024-09-17,58192.5078125,61316.08984375,57628.0703125,60308.5390625
2024-09-18,60309.0,61664.06640625,59218.25390625,61649.6796875
2024-09-19,61651.15625,63872.44140625,61609.8671875,62940.45703125
2024-09-20,62941.42578125,64119.53125,62364.60546875,63192.9765625
2024-09-21,63184.33984375,63543.359375,62783.10546875,63394.83984375
2024-09-22,63396.8046875,63993.421875,62440.7265625,63648.7109375
2024-09-23,63643.1015625,64733.55859375,62628.078125,63329.80078125
2024-09-24,63326.83984375,64695.21484375,62737.41796875,64301.96875
2024-09-25,64302.58984375,64804.50390625,62945.375,63143.14453125
2024-09-26,63138.546875,65790.796875,62669.26953125,65181.01953125
2024-09-27,65180.6640625,66480.6953125,64852.9921875,65790.6640625
2024-09-28,65792.1796875,66255.53125,65458.03515625,65887.6484375
2024-09-29,65888.8984375,66069.34375,65450.015625,65635.3046875
2024-09-30,65634.65625,65635.0546875,62873.6171875,63329.5
2024-10-01,63335.60546875,64110.98046875,60189.27734375,60837.0078125
2024-10-02,60836.32421875,62357.6875,59996.94921875,60632.78515625
2024-10-03,60632.484375,61469.0390625,59878.8046875,60759.40234375
2024-10-04,60754.625,62465.9921875,60459.94140625,62067.4765625
2024-10-05,62067.609375,62371.0234375,61689.58203125,62089.94921875
2024-10-06,62084.98828125,62959.5703125,61833.1484375,62818.953125
2024-10-07,62819.109375,64443.70703125,62152.55078125,62236.66015625
2024-10-08,62221.64453125,63174.3046875,61843.5625,62131.96875
2024-10-09,62131.7265625,62508.8359375,60314.61328125,60582.1015625
2024-10-10,60581.9296875,61236.72265625,58895.20703125,60274.5
2024-10-11,60275.4609375,63400.87109375,60046.125,62445.08984375
2024-10-12,62444.6171875,63448.78515625,62443.26953125,63193.0234375
2024-10-13,63192.9453125,63272.65234375,62035.63671875,62851.375
2024-10-14,62848.3984375,66482.4921875,62442.15234375,66046.125
2024-10-15,66050.3671875,67881.6796875,64809.1953125,67041.109375
2024-10-16,67042.4609375,68375.2890625,66758.7265625,67612.71875
2024-10-17,67617.078125,67912.2109375,66647.390625,67399.8359375
2024-10-18,67419.109375,68969.75,67177.8203125,68418.7890625
2024-10-19,68418.9765625,68668.0078125,68024.640625,68362.734375
2024-10-20,68364.1796875,69359.0078125,68105.71875,69001.703125
2024-10-21,69002.0,69462.734375,66829.8515625,67367.8515625
2024-10-22,67360.703125,67801.578125,66581.3671875,67361.40625
2024-10-23,67362.375,67402.7421875,65188.03515625,66432.1953125
2024-10-24,66653.703125,68798.9609375,66454.1015625,68161.0546875
2024-10-25,68165.296875,68722.15625,65521.79296875,66642.4140625
2024-10-26,66628.734375,67317.921875,66360.59375,67014.6953125
2024-10-27,67023.4765625,68221.3125,66847.2265625,67929.296875
2024-10-28,67922.671875,70212.265625,67535.1328125,69907.7578125
2024-10-29,69910.046875,73577.2109375,69729.9140625,72720.4921875
2024-10-30,72715.3671875,72905.296875,71411.734375,72339.5390625
2024-10-31,72335.046875,72662.3125,69590.5,70215.1875
2024-11-01,70216.8984375,71559.015625,68779.703125,69482.46875
2024-11-02,69486.0234375,69867.3515625,69033.71875,69289.2734375
2024-11-03,69296.3828125,69361.65625,67482.5234375,68741.1171875
2024-11-04,68742.1328125,69433.1796875,66803.6484375,67811.5078125
2024-11-05,67811.171875,70522.7890625,67458.8671875,69359.5625
2024-11-06,69358.5,76460.15625,69322.03125,75639.078125
2024-11-07,75637.0859375,76943.1171875,74480.421875,75904.859375
2024-11-08,75902.8359375,77252.75,75648.7421875,76545.4765625
2024-11-09,76556.1875,76932.765625,75773.7890625,76778.8671875
2024-11-10,76775.546875,81474.421875,76565.4296875,80474.1875
2024-11-11,80471.4140625,89604.5,80283.25,88701.484375
2024-11-12,88705.5625,89956.8828125,85155.109375,87955.8125
2024-11-13,87929.96875,93434.3515625,86256.9296875,90584.1640625
2024-11-14,90574.8828125,91765.21875,86682.8125,87250.4296875
2024-11-15,87284.1796875,91868.7421875,87124.8984375,91066.0078125
2024-11-16,91064.3671875,91763.9453125,90094.2265625,90558.4765625
2024-11-17,90558.4609375,91433.0390625,88741.6640625,89845.8515625
2024-11-18,89843.71875,92596.7890625,89393.59375,90542.640625
2024-11-19,90536.8125,94002.8671875,90426.984375,92343.7890625
2024-11-20,92341.890625,94902.0234375,91619.5,94339.4921875
2024-11-21,94334.640625,99014.21875,94132.6015625,98504.7265625
2024-11-22,98496.4296875,99655.5,97222.6640625,98997.6640625
2024-11-23,99006.7421875,99014.6796875,97232.890625,97777.28125
2024-11-24,97778.09375,98647.1796875,95788.078125,98013.8203125
2024-11-25,98033.4453125,98935.03125,92642.9140625,93102.296875
2024-11-26,93087.28125,94991.75,90770.8125,91985.3203125
2024-11-27,91978.140625,97361.1796875,91778.6640625,95962.53125
2024-11-28,95954.9453125,96650.203125,94677.3515625,95652.46875
2024-11-29,95653.953125,98693.171875,95407.8828125,97461.5234375
2024-11-30,97468.8125,97499.34375,96144.21875,96449.0546875
2024-12-01,96461.3359375,97888.125,95770.1875,97279.7890625
2024-12-02,97276.0078125,98152.6015625,94482.8671875,95865.3046875
2024-12-03,95854.59375,96297.203125,93629.5625,96002.1640625
2024-12-04,95988.53125,99207.328125,94660.5234375,98768.53125
2024-12-05,98741.5390625,103900.46875,91998.78125,96593.5703125
2024-12-06,97074.2265625,102039.8828125,96514.875,99920.7109375
2024-12-07,99916.7109375,100563.3828125,99030.8828125,99923.3359375
2024-12-08,99921.9140625,101399.9921875,98771.515625,101236.015625
2024-12-09,101237.0625,101272.5078125,94355.9140625,97432.71875
2024-12-10,97441.234375,98270.15625,94321.2578125,96675.4296875
2024-12-11,96656.0625,101913.359375,95747.2265625,101173.03125
2024-12-12,101167.8046875,102524.9140625,99339.953125,100043.0
2024-12-13,100046.6484375,101888.8046875,99233.28125,101459.2578125
2024-12-14,101451.4375,102618.8828125,100634.0546875,101372.96875
2024-12-15,101373.53125,105047.5390625,101227.03125,104298.6953125
2024-12-16,104293.578125,107780.578125,103322.984375,106029.71875
2024-12-17,106030.6875,108268.4453125,105291.734375,106140.6015625
2024-12-18,106147.296875,106470.609375,100041.5390625,100041.5390625
2024-12-19,100070.6875,102748.1484375,95587.6796875,97490.953125
2024-12-20,97484.6953125,98098.9140625,92175.1796875,97755.9296875
2024-12-21,97756.1953125,99507.1015625,96426.5234375,97224.7265625
2024-12-22,97218.3203125,97360.265625,94202.1875,95104.9375
2024-12-23,95099.390625,96416.2109375,92403.1328125,94686.2421875
2024-12-24,94684.34375,99404.0625,93448.015625,98676.09375
2024-12-25,98675.9140625,99478.75,97593.46875,99299.1953125
2024-12-26,99297.6953125,99884.5703125,95137.8828125,95795.515625
2024-12-27,95704.9765625,97294.84375,93310.7421875,94164.859375
2024-12-28,94160.1875,95525.8984375,94014.2890625,95163.9296875
2024-12-29,95174.0546875,95174.875,92881.7890625,93530.2265625
2024-12-30,93527.1953125,94903.3203125,91317.1328125,92643.2109375
2024-12-31,92643.25,96090.6015625,91914.03125,93429.203125
2025-01-01,93425.1015625,94929.8671875,92788.125,94419.7578125
2025-01-02,94416.2890625,97739.8203125,94201.5703125,96886.875
2025-01-03,96881.7265625,98956.9140625,96034.6171875,98107.4296875
2025-01-04,98106.9921875,98734.4296875,97562.9765625,98236.2265625
2025-01-05,98233.90625,98813.3046875,97291.765625,98314.9609375
2025-01-06,98314.953125,102482.875,97926.1484375,102078.0859375
2025-01-07,102248.8515625,102712.484375,96132.875,96922.703125
2025-01-08,96924.1640625,97258.3203125,92525.84375,95043.5234375
2025-01-09,95043.484375,95349.71875,91220.84375,92484.0390625
2025-01-10,92494.4921875,95770.609375,92250.09375,94701.453125
2025-01-11,94700.8359375,94977.6875,93840.046875,94566.59375
2025-01-12,94565.7265625,95367.5390625,93712.5078125,94488.4375
2025-01-13,94488.890625,95837.0,89260.1015625,94516.5234375
2025-01-14,94519.0078125,97352.6640625,94322.15625,96534.046875
2025-01-15,96534.046875,100697.234375,96501.640625,100504.4921875
2025-01-16,100505.296875,100781.5859375,97364.4453125,99756.90625
2025-01-17,100025.765625,105884.2265625,99948.90625,104462.0390625
2025-01-18,104124.953125,104913.203125,102226.6171875,104408.0703125
2025-01-19,104411.2890625,106299.796875,99570.53125,101089.609375
2025-01-20,101083.75,109114.8828125,99471.359375,102016.6640625
2025-01-21,102052.578125,107180.921875,100103.953125,106146.265625
2025-01-22,106136.3828125,106294.34375,103360.265625,103653.0703125
2025-01-23,103657.671875,106820.328125,101257.8046875,103960.171875
2025-01-24,103965.671875,107098.546875,102772.125,104819.484375
2025-01-25,104824.03125,105243.7890625,104120.375,104714.6484375
2025-01-26,104713.2109375,105438.6484375,102507.7109375,102682.5
2025-01-27,102680.3046875,103214.109375,97795.9375,102087.6875
2025-01-28,102095.4140625,103730.8203125,100238.1875,101332.4765625
2025-01-29,101317.5234375,104750.8046875,101283.8203125,103703.2109375
2025-01-30,103709.3359375,106418.765625,103321.6484375,104735.3046875
2025-01-31,104737.5625,106026.3515625,101543.8828125,102405.0234375
2025-02-01,102402.796875,102755.7265625,100297.7109375,100655.90625
2025-02-02,100661.5390625,101430.6640625,96216.078125,97688.9765625
2025-02-03,97681.1015625,102514.171875,91242.890625,101405.421875
2025-02-04,101398.71875,101745.6171875,96208.109375,97871.8203125
2025-02-05,97878.0078125,99113.2109375,96174.828125,96615.4453125
2025-02-06,96610.640625,99168.609375,95707.3515625,96593.296875
2025-02-07,96581.3203125,100154.140625,95653.8828125,96529.0859375
2025-02-08,96533.2578125,96877.8046875,95702.4921875,96482.453125
2025-02-09,96481.3125,97325.28125,94745.2578125,96500.09375
2025-02-10,96499.4609375,98333.21875,95320.84375,97437.5546875
2025-02-11,97438.1328125,98492.8984375,94875.0390625,95747.4296875
2025-02-12,95745.6953125,98151.0234375,94101.203125,97885.859375
2025-02-13,97888.75,98111.0859375,95269.7109375,96623.8671875
2025-02-14,96623.3671875,98819.46875,96342.8046875,97508.96875
2025-02-15,97508.3828125,97975.0390625,97240.1953125,97580.3515625
2025-02-16,97580.4921875,97725.59375,96060.9765625,96175.03125
2025-02-17,96179.0078125,97032.234375,95243.546875,95773.3828125
2025-02-18,95773.8125,96695.375,93388.8359375,95539.546875
2025-02-19,95532.53125,96855.59375,95011.96875,96635.609375
2025-02-20,96632.6796875,98767.1953125,96442.671875,98333.9375
2025-02-21,98340.671875,99497.96875,94852.9609375,96125.546875
2025-02-22,96134.203125,96950.15625,95765.34375,96577.7578125
2025-02-23,96577.8046875,96671.875,95270.453125,96273.921875
2025-02-24,96277.9609375,96503.453125,91371.7421875,91418.171875
2025-02-25,91437.1171875,92511.078125,86008.234375,88736.171875
2025-02-26,88638.890625,89286.25,82131.8984375,84347.0234375
2025-02-27,84076.859375,87000.78125,83144.9609375,84704.2265625
2025-02-28,84705.625,85036.3203125,78248.9140625,84373.0078125
2025-03-01,84373.8671875,86522.3046875,83794.234375,86031.9140625
2025-03-02,86036.2578125,95043.4375,85040.2109375,94248.3515625
2025-03-03,94248.421875,94429.75,85081.3046875,86065.671875
2025-03-04,86064.0703125,88911.2734375,81529.2421875,87222.1953125
2025-03-05,87222.953125,90998.2421875,86379.7734375,90623.5625
2025-03-06,90622.359375,92804.9375,87852.140625,89961.7265625
2025-03-07,89963.28125,91191.046875,84717.6796875,86742.671875
2025-03-08,86742.65625,86847.265625,85247.484375,86154.59375
2025-03-09,86154.3046875,86471.1328125,80052.484375,80601.0390625
2025-03-10,80597.1484375,83955.9296875,77420.59375,78532.0
2025-03-11,78523.875,83577.7578125,76624.25,82862.2109375
2025-03-12,82857.375,84358.578125,80635.25,83722.359375
2025-03-13,83724.921875,84301.6953125,79931.8515625,81066.703125
2025-03-14,81066.9921875,85263.2890625,80797.5625,83969.1015625
2025-03-15,83968.40625,84672.671875,83639.59375,84343.109375
2025-03-16,84333.3203125,85051.6015625,82017.90625,82579.6875
2025-03-17,82576.3359375,84725.328125,82492.15625,84075.6875
2025-03-18,84075.71875,84075.71875,81179.9921875,82718.5
2025-03-19,82718.8046875,87021.1875,82569.7265625,86854.2265625
2025-03-20,86872.953125,87443.265625,83647.1953125,84167.1953125
2025-03-21,84164.5390625,84782.2734375,83171.0703125,84043.2421875
2025-03-22,84046.2578125,84513.875,83674.78125,83832.484375
2025-03-23,83831.8984375,86094.78125,83794.9140625,86054.375
2025-03-24,86070.9296875,88758.7265625,85541.1953125,87498.9140625
2025-03-25,87512.8203125,88542.3984375,86346.078125,87471.703125
2025-03-26,87460.234375,88292.15625,85861.453125,86900.8828125
2025-03-27,86896.2578125,87786.7265625,85837.9375,87177.1015625
2025-03-28,87185.234375,87489.859375,83557.640625,84353.1484375
2025-03-29,84352.0703125,84567.3359375,81634.140625,82597.5859375
2025-03-30,82596.984375,83505.0,81573.25,82334.5234375
2025-03-31,82336.0625,83870.125,81293.890625,82548.9140625
2025-04-01,82551.921875,85487.3671875,82429.359375,85169.171875
2025-04-02,85180.609375,88466.953125,82343.5390625,82485.7109375
2025-04-03,82487.4765625,83909.296875,81282.1015625,83102.828125
2025-04-04,83100.25,84696.1484375,81670.75,83843.8046875
2025-04-05,83844.703125,84207.015625,82377.734375,83504.796875
2025-04-06,83504.5078125,83704.71875,77097.7421875,78214.484375
2025-04-07,78221.3359375,81119.0625,74436.6796875,79235.3359375
2025-04-08,79218.4765625,80823.890625,76198.0234375,76271.953125
2025-04-09,76273.5625,83541.0,74589.671875,82573.953125
2025-04-10,82565.9765625,82700.9296875,78456.1328125,79626.140625
2025-04-11,79625.046875,84247.4765625,78936.3203125,83404.8359375
2025-04-12,83404.515625,85856.1875,82769.375,85287.109375
2025-04-13,85279.46875,86015.1875,83027.0078125,83684.9765625
2025-04-14,83694.5234375,85785.0,83690.640625,84542.390625
2025-04-15,84539.6953125,86429.3515625,83598.8203125,83668.9921875
2025-04-16,83674.5078125,85428.28125,83100.6171875,84033.8671875
2025-04-17,84030.671875,85449.0703125,83749.75,84895.75
2025-04-18,84900.1875,85095.046875,84298.8828125,84450.8046875
2025-04-19,84450.8671875,85597.703125,84353.4609375,85063.4140625
2025-04-20,85066.0703125,85306.3828125,83976.84375,85174.3046875
2025-04-21,85171.5390625,88460.09375,85143.8359375,87518.90625
2025-04-22,87521.875,93817.3828125,87084.53125,93441.890625
2025-04-23,93427.5859375,94535.734375,91962.9609375,93699.109375
2025-04-24,93692.3984375,94016.1953125,91696.7109375,93943.796875
2025-04-25,93954.25,95768.390625,92898.59375,94720.5
2025-04-26,94714.6484375,95251.359375,93927.25,94646.9296875
2025-04-27,94660.90625,95301.203125,93665.3984375,93754.84375
2025-04-28,93755.3046875,95598.4921875,92860.8046875,94978.75
2025-04-29,94981.859375,95485.4140625,93796.6328125,94284.7890625
2025-04-30,94286.46875,95249.3203125,92979.640625,94207.3125
2025-05-01,94212.859375,97437.9609375,94153.6328125,96492.3359375
2025-05-02,96494.96875,97905.8984375,96375.9453125,96910.0703125
2025-05-03,96904.6328125,96943.8828125,95821.2890625,95891.796875
2025-05-04,95877.1875,96318.921875,94173.4296875,94315.9765625
2025-05-05,94319.5625,95193.1875,93566.265625,94748.0546875
2025-05-06,94748.3828125,96889.1796875,93399.859375,96802.4765625
2025-05-07,96800.1953125,97625.8046875,95829.3359375,97032.3203125
2025-05-08,97034.25,103969.5390625,96913.875,103241.4609375
2025-05-09,103239.125,104297.4921875,102343.09375,102970.8515625
2025-05-10,102973.7109375,104961.765625,102830.484375,104696.328125
2025-05-11,104701.0703125,104937.9921875,103364.7421875,104106.359375
2025-05-12,104106.9609375,105747.453125,100814.40625,102812.953125
2025-05-13,102812.4921875,104997.421875,101515.09375,104169.8125
2025-05-14,104167.328125,104303.5625,102618.296875,103539.4140625
2025-05-15,103538.828125,104153.6171875,101440.8125,103744.640625
2025-05-16,103735.65625,104533.484375,103137.4765625,103489.2890625
2025-05-17,103489.2890625,103716.9453125,102659.1796875,103191.0859375
2025-05-18,103186.953125,106597.171875,103142.6015625,106446.0078125
2025-05-19,106430.53125,107068.71875,102112.6875,105606.1796875
2025-05-20,105605.40625,107307.1171875,104206.515625,106791.0859375
2025-05-21,106791.3125,110724.4609375,106127.234375,109678.078125
2025-05-22,109673.4921875,111970.171875,109285.0703125,111673.28125
2025-05-23,111679.359375,111798.90625,106841.3046875,107287.796875
2025-05-24,107278.5078125,109454.5234375,106895.2890625,107791.15625
2025-05-25,107802.2734375,109313.3046875,106683.375,109035.390625
2025-05-26,109023.78125,110376.8828125,108735.640625,109440.3671875
2025-05-27,109440.40625,110744.2109375,107609.5546875,108994.640625
2025-05-28,108992.171875,109298.2890625,106812.9296875,107802.328125
2025-05-29,107795.5703125,108910.046875,105374.3984375,105641.7578125
2025-05-30,105646.2109375,106308.9453125,103685.7890625,103998.5703125
2025-05-31,103994.71875,104927.1015625,103136.1171875,104638.09375
2025-06-01,104637.296875,105884.546875,103826.953125,105652.1015625
2025-06-02,105649.8125,105958.3125,103727.546875,105881.53125
2025-06-03,105888.4765625,106813.578125,104920.84375,105432.46875
2025-06-04,105434.3671875,105997.6953125,104232.703125,104731.984375
2025-06-05,104750.78125,105936.6875,100436.8828125,101575.953125
2025-06-06,101574.3671875,105376.7734375,101169.5703125,104390.34375
2025-06-07,104390.6484375,105972.7578125,103987.3125,105615.625
2025-06-08,105617.5078125,106497.0625,105075.328125,105793.6484375
2025-06-09,105793.0234375,110561.421875,105400.234375,110294.1015625
2025-06-10,110295.6875,110380.125,108367.7109375,110257.234375
2025-06-11,110261.796875,110384.21875,108086.328125,108686.625
2025-06-12,108685.9140625,108780.6953125,105785.6875,105929.0546875
2025-06-13,105924.59375,106182.546875,102822.0234375,106090.96875
2025-06-14,106108.0859375,106203.7578125,104379.3671875,105472.40625
2025-06-15,105464.84375,106157.1015625,104519.8828125,105552.0234375
2025-06-16,105555.59375,108915.375,104997.625,106796.7578125
2025-06-17,106794.1171875,107750.1953125,103396.53125,104601.1171875
2025-06-18,104602.0703125,105581.8515625,103602.265625,104883.328125
2025-06-19,104886.7734375,105250.890625,103940.7734375,104684.2890625
2025-06-20,104681.03125,106539.3828125,102372.2109375,103309.6015625
2025-06-21,103315.078125,104015.78125,100973.0625,102257.40625
2025-06-22,102212.03125,103351.6328125,98286.203125,100987.140625
2025-06-23,100987.4765625,106116.859375,99705.75,105577.7734375
2025-06-24,105571.515625,106316.828125,104740.2421875,106045.6328125
2025-06-25,106047.40625,108168.3984375,105881.390625,107361.2578125
2025-06-26,107375.0703125,108305.546875,106666.3515625,106960.0
2025-06-27,106954.921875,107772.46875,106449.9921875,107088.4296875
2025-06-28,107090.546875,107567.8828125,106883.9765625,107327.703125
2025-06-29,107327.8203125,108526.3046875,107230.109375,108385.5703125
2025-06-30,108383.4375,108798.7890625,106759.6484375,107135.3359375
2025-07-01,107144.3828125,107550.6796875,105270.2265625,105698.28125
2025-07-02,105703.1015625,109763.65625,105157.3984375,108859.3203125
2025-07-03,108845.015625,110541.4609375,108605.796875,109647.9765625
2025-07-04,109635.65625,109751.984375,107296.3828125,108034.3359375
2025-07-05,108015.8359375,108381.34375,107842.2734375,108231.1796875
2025-07-06,108231.1875,109731.625,107847.015625,109232.0703125
2025-07-07,109235.328125,109710.25,107527.0546875,108299.8515625
2025-07-08,108298.2265625,109198.96875,107499.5546875,108950.2734375
2025-07-09,108950.2734375,111925.375,108357.6796875,111326.5546875
2025-07-10,111329.1953125,116608.78125,110660.75,115987.203125
2025-07-11,115986.234375,118856.4765625,115245.6875,117516.9921875
2025-07-12,117530.7109375,118219.8984375,116977.0234375,117435.2265625
2025-07-13,117432.203125,119449.5703125,117265.4375,119116.1171875
2025-07-14,119115.7890625,123091.609375,118959.1953125,119849.703125
2025-07-15,119853.8515625,119935.5625,115765.6875,117777.1875
2025-07-16,117777.1875,120065.515625,117064.8203125,118738.5078125
2025-07-17,118738.5078125,120999.609375,117508.21875,119289.84375
2025-07-18,119284.109375,120851.9140625,116925.984375,118003.2265625
2025-07-19,117998.125,118541.3984375,117388.4140625,117939.9765625
2025-07-20,117944.109375,118865.03125,116550.1328125,117300.7890625
2025-07-21,117306.46875,119671.5625,116584.3984375,117439.5390625
2025-07-22,117426.5,120269.96875,116233.2265625,119995.4140625
2025-07-23,119997.4453125,120113.3515625,117391.390625,118754.9609375
2025-07-24,118770.984375,119535.453125,117247.96875,118368.0
2025-07-25,118368.0,118486.9765625,114759.8203125,117635.8828125
2025-07-26,117644.84375,118335.6875,117181.2265625,117947.3671875
2025-07-27,117944.7265625,119815.59375,117859.6875,119448.4921875
2025-07-28,119457.5234375,119819.7890625,117441.4375,117924.4765625
2025-07-29,117938.5859375,119273.8671875,116987.3671875,117922.1484375
2025-07-30,117921.9921875,118780.7265625,115800.828125,117831.1875
2025-07-31,117833.6328125,118919.984375,115505.21875,115758.203125
2025-08-01,115738.953125,116060.7734375,112724.4453125,113320.0859375
2025-08-02,113320.390625,114021.6015625,112005.765625,112526.9140625
2025-08-03,112525.8046875,114747.421875,111943.8046875,114217.671875
2025-08-04,114223.921875,115729.46875,114130.40625,115071.8828125
2025-08-05,115072.1875,115117.4375,112701.109375,114141.4453125
2025-08-06,114140.9140625,115737.8359375,113372.25,115028.0
2025-08-07,115030.0546875,117676.90625,114279.7109375,117496.8984375
2025-08-08,117505.5,117689.203125,115917.4609375,116688.7265625
2025-08-09,116678.2734375,117906.609375,116363.8359375,116500.359375
2025-08-10,116497.71875,119320.7109375,116485.1640625,119306.7578125
2025-08-11,119306.8125,122321.09375,118159.03125,118731.4453125
2025-08-12,118717.6640625,120302.46875,118228.71875,120172.90625
2025-08-13,120168.9765625,123682.453125,118939.6328125,123344.0625
2025-08-14,123339.3984375,124457.1171875,117254.8828125,118359.578125
2025-08-15,118365.78125,119332.3125,116864.5703125,117398.3515625
2025-08-16,117398.421875,117996.0625,117271.953125,117491.3515625
2025-08-17,117492.7890625,118595.7734375,117279.5234375,117453.0625
2025-08-18,117453.90625,117614.171875,114723.6796875,116252.3125
2025-08-19,116241.859375,116764.5,112730.3984375,112831.1796875
2025-08-20,112828.0234375,114625.796875,112387.9609375,114274.7421875
2025-08-21,114275.6875,114802.6484375,111986.234375,112419.03125
2025-08-22,112433.734375,117377.3984375,111678.9453125,116874.0859375
2025-08-23,116866.3671875,116996.25,114536.109375,115374.328125
2025-08-24,115387.390625,115615.0859375,111060.546875,113458.4296875
2025-08-25,113456.8984375,113637.84375,109324.28125,110124.3515625
2025-08-26,110124.1015625,112397.015625,108762.0390625,111802.65625
2025-08-27,111795.7109375,112619.4140625,110398.265625,111222.0625
2025-08-28,111219.0546875,113450.078125,110900.921875,112544.8046875
2025-08-29,112550.5234375,112619.0546875,107559.625,108410.8359375
2025-08-30,108409.40625,108929.3515625,107444.4453125,108808.0703125
2025-08-31,108818.4609375,109491.0,108104.65625,108236.7109375
2025-09-01,108228.75,109890.5859375,107271.1796875,109250.59375
2025-09-02,109243.0703125,111748.015625,108454.03125,111200.5859375
2025-09-03,111190.6953125,112600.2265625,110582.9609375,111723.2109375
2025-09-04,111718.1484375,112208.328125,109347.2265625,110723.6015625
2025-09-05,110723.015625,113357.4921875,110233.3984375,110650.984375
2025-09-06,110650.5703125,111275.015625,110024.0859375,110224.6953125
2025-09-07,110221.328125,111591.078125,110211.625,111167.6171875
2025-09-08,111163.015625,112869.234375,110630.609375,112071.4296875
2025-09-09,112077.578125,113225.4375,110776.703125,111530.546875
2025-09-10,111531.25,114275.25,110940.078125,113955.359375
2025-09-11,113961.4296875,115522.546875,113453.8359375,115507.5390625
2025-09-12,115507.7890625,116769.3828125,114794.484375,116101.578125
2025-09-13,116093.5625,116334.6328125,115248.2734375,115950.5078125
2025-09-14,115950.2890625,116181.5,115222.3984375,115407.65625
2025-09-15,115399.6328125,116747.8828125,114461.0625,115444.875
2025-09-16,115423.7578125,117005.2734375,114813.09375,116843.1875
2025-09-17,116840.5078125,117328.609375,114794.9765625,116468.5078125
2025-09-18,116461.265625,117911.7890625,116188.796875,117137.203125
2025-09-19,117137.671875,117479.7578125,115141.8203125,115688.859375
2025-09-20,115691.125,116191.1484375,115473.5234375,115721.9609375
2025-09-21,115730.2265625,115901.0859375,115252.578125,115306.09375
2025-09-22,115309.21875,115431.3125,112037.6484375,112748.5078125
2025-09-23,112757.4765625,113351.9140625,111535.5703125,112014.5
2025-09-24,112007.6640625,113986.2734375,111229.640625,113328.6328125
2025-09-25,113330.1640625,113541.0859375,108713.3984375,109049.2890625
2025-09-26,109041.296875,110359.1953125,108728.9765625,109712.828125
2025-09-27,109707.140625,109778.5,109144.296875,109681.9453125
2025-09-28,109681.9453125,112375.484375,109236.9453125,112122.640625
2025-09-29,112117.875,114473.5703125,111589.953125,114400.3828125
2025-09-30,114396.5234375,114836.6171875,112740.5625,114056.0859375
2025-10-01,114057.59375,118648.9296875,113981.3984375,118648.9296875
2025-10-02,118652.3828125,121086.40625,118383.15625,120681.2578125
2025-10-03,120656.984375,123944.703125,119344.3125,122266.53125
2025-10-04,122267.46875,122857.640625,121577.5703125,122425.4296875
2025-10-05,122419.671875,125559.2109375,122191.9609375,123513.4765625
2025-10-06,123510.453125,126198.0703125,123196.046875,124752.53125
2025-10-07,124752.140625,125184.0234375,120681.96875,121451.3828125
2025-10-08,121448.3515625,124167.09375,121119.1796875,123354.8671875
2025-10-09,123337.0703125,123739.34375,119812.03125,121705.5859375
2025-10-10,121704.7421875,122509.6640625,104582.4140625,113214.3671875
2025-10-11,113236.4296875,113429.7265625,109760.5625,110807.8828125
2025-10-12,110811.515625,115805.0625,109715.5390625,115169.765625
2025-10-13,115161.6796875,116020.484375,113821.1875,115271.078125
2025-10-14,115264.8828125,115502.8828125,110029.484375,113118.6640625
2025-10-15,113113.96875,113622.3828125,110235.8359375,110783.1640625
2025-10-16,110782.171875,111990.8125,107537.03125,108186.0390625
2025-10-17,108179.1328125,109235.8046875,103598.4296875,106467.7890625
2025-10-18,106483.734375,107490.984375,106387.453125,107198.265625
2025-10-19,107204.3125,109488.9921875,106157.7890625,108666.7109375
2025-10-20,108667.4453125,111711.03125,107485.015625,110588.9296875
2025-10-21,110587.6328125,113996.34375,107534.75,108476.890625
2025-10-22,108491.53125,109115.1328125,106778.0,107688.5859375
2025-10-23,107679.4375,111288.59375,107548.4296875,110069.7265625
2025-10-24,110069.3515625,111842.53125,109770.1484375,111033.921875
2025-10-25,111032.6171875,111947.703125,110704.40625,111641.7265625
2025-10-26,111639.0546875,115260.90625,111268.484375,114472.4453125
2025-10-27,114479.8515625,116273.3125,113882.2890625,114119.328125
2025-10-28,114129.0859375,116078.984375,112291.6796875,112956.1640625
2025-10-29,112921.328125,113642.7265625,109368.71875,110055.3046875
2025-10-30,110059.1953125,111612.3515625,106376.6875,108305.546875
2025-10-31,108304.4140625,111031.8203125,108288.2734375,109556.1640625
2025-11-01,109558.625,110574.8984375,109372.953125,110064.015625
2025-11-02,110064.4296875,111167.3125,109523.453125,110639.625
2025-11-03,110646.90625,110764.9140625,105336.359375,106547.5234375
2025-11-04,106541.421875,107264.8828125,98962.0625,101590.5234375
2025-11-05,101579.234375,104534.703125,98989.9140625,103891.8359375
2025-11-06,103893.6640625,104147.3046875,100336.8671875,101301.2890625
2025-11-07,101286.2421875,104052.9140625,99257.0546875,103372.40625
2025-11-08,103371.703125,103373.5625,101458.0390625,102282.1171875
2025-11-09,102278.984375,105418.3671875,101468.875,104719.640625
2025-11-10,104723.7734375,106564.6953125,104350.6484375,105996.59375
2025-11-11,105996.859375,107428.2578125,102457.328125,102997.46875
2025-11-12,103011.4375,105297.234375,100836.6171875,101663.1875
2025-11-13,101674.1484375,104005.4921875,97988.71875,99697.4921875
2025-11-14,99694.703125,99804.4296875,94000.734375,94397.7890625
2025-11-15,94420.46875,96728.46875,94420.46875,95549.1484375
2025-11-16,95556.8671875,96564.1875,92971.1640625,94177.078125
2025-11-17,94180.875,95928.3671875,91214.7578125,92093.875
2025-11-18,92094.53125,93745.078125,89300.4609375,92948.875
2025-11-19,92946.1640625,92946.1640625,88526.828125,91465.9921875
2025-11-20,91459.3515625,93025.0703125,86040.796875,86631.8984375
2025-11-21,86528.7734375,87380.8046875,80659.8125,85090.6875
2025-11-22,85098.5625,85503.0078125,83490.8984375,84648.359375
2025-11-23,84648.609375,88038.46875,84641.7734375,86805.0078125
2025-11-24,86798.7734375,89206.3359375,85272.1953125,88270.5625
2025-11-25,88269.9609375,88457.3359375,86131.4296875,87341.890625
2025-11-26,87345.5859375,90581.15625,86316.8984375,90518.3671875
2025-11-27,90517.765625,91897.578125,90089.515625,91285.375
2025-11-28,91285.3828125,92969.0859375,90257.1171875,90919.265625
2025-11-29,90918.7421875,91187.6171875,90260.1875,90851.7578125
2025-11-30,90838.2109375,91965.046875,90394.3125,90394.3125
2025-12-01,90389.109375,90398.15625,83862.25,86321.5703125
2025-12-02,86322.5390625,92316.6328125,86202.1953125,91350.203125
2025-12-03,91345.09375,94060.7734375,91056.390625,93527.8046875
2025-12-04,93454.2578125,94038.2421875,90976.1015625,92141.625
2025-12-05,92133.6484375,92702.640625,88152.140625,89387.7578125
2025-12-07,89235.890625,89341.796875,89235.890625,89320.421875
