dosya_adi,etiket
20240205_0000.png,1
20240205_0400.png,1
20240205_0800.png,1
20240205_1200.png,1
20240205_1600.png,1
20240205_2000.png,1
20240206_0000.png,1
20240206_0400.png,1
20240206_0800.png,1
20240206_1200.png,1
20240206_1600.png,1
20240206_2000.png,1
20240207_0000.png,1
20240207_0400.png,1
20240207_0800.png,1
20240207_1200.png,1
20240207_1600.png,1
20240207_2000.png,1
20240208_0000.png,1
20240208_0400.png,1
20240208_0800.png,1
20240208_1200.png,1
20240208_1600.png,1
20240208_2000.png,1
20240209_0000.png,1
20240209_0400.png,1
20240209_0800.png,1
20240209_1200.png,1
20240209_1600.png,1
20240209_2000.png,1
20240210_0000.png,1
20240210_0400.png,1
20240210_0800.png,1
20240210_1200.png,1
20240210_1600.png,1
20240210_2000.png,1
20240211_0000.png,1
20240211_0400.png,1
20240211_0800.png,1
20240211_1200.png,1
20240211_1600.png,1
20240211_2000.png,1
20240212_0000.png,1
20240212_0400.png,1
20240212_0800.png,1
20240212_1200.png,1
20240212_1600.png,1
20240212_2000.png,1
20240213_0000.png,1
20240213_0400.png,1
20240213_0800.png,1
20240213_1200.png,1
20240213_1600.png,1
20240213_2000.png,1
20240214_0000.png,1
20240214_0400.png,1
20240214_0800.png,1
20240214_1200.png,1
20240214_1600.png,1
20240214_2000.png,1
20240215_0000.png,1
20240215_0400.png,1
20240215_0800.png,1
20240215_1200.png,1
20240215_1600.png,1
20240215_2000.png,1
20240216_0000.png,1
20240216_0400.png,1
20240216_0800.png,1
20240216_1200.png,1
20240216_1600.png,1
20240216_2000.png,1
20240217_0000.png,1
20240217_0400.png,1
20240217_0800.png,1
20240217_1200.png,1
20240217_1600.png,1
20240217_2000.png,1
20240218_0000.png,1
20240218_0400.png,1
20240218_0800.png,1
20240218_1200.png,1
20240218_1600.png,1
20240218_2000.png,1
20240219_0000.png,1
20240219_0400.png,1
20240219_0800.png,1
20240219_1200.png,1
20240219_1600.png,1
20240219_2000.png,1
20240220_0000.png,1
20240220_0400.png,1
20240220_0800.png,1
20240220_1200.png,1
20240220_1600.png,1
20240220_2000.png,1
20240221_0000.png,1
20240221_0400.png,1
20240221_0800.png,1
20240221_1200.png,1
20240221_1600.png,1
20240221_2000.png,1
20240222_0000.png,1
20240222_0400.png,1
20240222_0800.png,1
20240222_1200.png,1
20240222_1600.png,1
20240222_2000.png,1
20240223_0000.png,1
20240223_0400.png,1
20240223_0800.png,1
20240223_1200.png,1
20240223_1600.png,1
20240223_2000.png,1
20240224_0000.png,1
20240224_0400.png,1
20240224_0800.png,1
20240224_1200.png,1
20240224_1600.png,1
20240224_2000.png,1
20240225_0000.png,1
20240225_0400.png,1
20240225_0800.png,1
20240225_1200.png,1
20240225_1600.png,1
20240225_2000.png,1
20240226_0000.png,1
20240226_0400.png,1
20240226_0800.png,1
20240226_1200.png,1
20240226_1600.png,1
20240226_2000.png,1
20240227_0000.png,1
20240227_0400.png,1
20240227_0800.png,1
20240227_1200.png,1
20240227_1600.png,1
20240227_2000.png,1
20240228_0000.png,1
20240228_0400.png,1
20240228_0800.png,1
20240228_1200.png,1
20240228_1600.png,1
20240228_2000.png,1
20240229_0000.png,1
20240229_0400.png,1
20240229_0800.png,1
20240229_1200.png,1
20240229_1600.png,1
20240229_2000.png,1
20240301_0000.png,1
20240301_0400.png,1
20240301_0800.png,1
20240301_1200.png,1
20240301_1600.png,1
20240301_2000.png,1
20240302_0000.png,1
20240302_0400.png,1
20240302_0800.png,1
20240302_1200.png,1
20240302_1600.png,1
20240302_2000.png,1
20240303_0000.png,1
20240303_0400.png,1
20240303_0800.png,1
20240303_1200.png,1
20240303_1600.png,1
20240303_2000.png,1
20240304_0000.png,1
20240304_0400.png,1
20240304_0800.png,1
20240304_1200.png,1
20240304_1600.png,1
20240304_2000.png,1
20240305_0000.png,1
20240305_0400.png,1
20240305_0800.png,1
20240305_1200.png,1
20240305_1600.png,1
20240305_2000.png,1
20240306_0000.png,1
20240306_0400.png,1
20240306_0800.png,1
20240306_1200.png,1
20240306_1600.png,1
20240306_2000.png,1
20240307_0000.png,1
20240307_0400.png,1
20240307_0800.png,1
20240307_1200.png,1
20240307_1600.png,1
20240307_2000.png,1
20240308_0000.png,1
20240308_0400.png,1
20240308_0800.png,1
20240308_1200.png,1
20240308_1600.png,1
20240308_2000.png,1
20240309_0000.png,1
20240309_0400.png,1
20240309_0800.png,1
20240309_1200.png,1
20240309_1600.png,1
20240309_2000.png,1
20240310_0000.png,1
20240310_0400.png,1
20240310_0800.png,1
20240310_1200.png,1
20240310_1600.png,1
20240310_2000.png,1
20240311_0000.png,1
20240311_0400.png,1
20240311_0800.png,1
20240311_1200.png,1
20240311_1600.png,1
20240311_2000.png,1
20240312_0000.png,1
20240312_0400.png,1
20240312_0800.png,1
20240312_1200.png,1
20240312_1600.png,1
20240312_2000.png,1
20240313_0000.png,1
20240313_0400.png,1
20240313_0800.png,1
20240313_1200.png,1
20240313_1600.png,1
20240313_2000.png,1
20240314_0000.png,1
20240314_0400.png,1
20240314_0800.png,1
20240314_1200.png,1
20240314_1600.png,1
20240314_2000.png,1
20240315_0000.png,1
20240315_0400.png,1
20240315_0800.png,1
20240315_1200.png,1
20240315_1600.png,1
20240315_2000.png,1
20240316_0000.png,1
20240316_0400.png,1
20240316_0800.png,1
20240316_1200.png,1
20240316_1600.png,1
20240316_2000.png,1
20240317_0000.png,0
20240317_0400.png,0
20240317_0800.png,0
20240317_1200.png,0
20240317_1600.png,0
20240317_2000.png,0
20240318_0000.png,1
20240318_0400.png,1
20240318_0800.png,1
20240318_1200.png,1
20240318_1600.png,1
20240318_2000.png,1
20240319_0000.png,1
20240319_0400.png,1
20240319_0800.png,1
20240319_1200.png,1
20240319_1600.png,1
20240319_2000.png,1
20240320_0000.png,0
20240320_0400.png,0
20240320_0800.png,0
20240320_1200.png,0
20240320_1600.png,0
20240320_2000.png,0
20240321_0000.png,1
20240321_0400.png,1
20240321_0800.png,1
20240321_1200.png,1
20240321_1600.png,1
20240321_2000.png,1
20240322_0000.png,0
20240322_0400.png,0
20240322_0800.png,0
20240322_1200.png,0
20240322_1600.png,0
20240322_2000.png,0
20240323_0000.png,0
20240323_0400.png,0
20240323_0800.png,0
20240323_1200.png,0
20240323_1600.png,0
20240323_2000.png,0
20240324_0000.png,0
20240324_0400.png,0
20240324_0800.png,0
20240324_1200.png,0
20240324_1600.png,0
20240324_2000.png,0
20240325_0000.png,0
20240325_0400.png,0
20240325_0800.png,0
20240325_1200.png,0
20240325_1600.png,0
20240325_2000.png,0
20240326_0000.png,1
20240326_0400.png,1
20240326_0800.png,1
20240326_1200.png,1
20240326_1600.png,1
20240326_2000.png,1
20240327_0000.png,1
20240327_0400.png,1
20240327_0800.png,1
20240327_1200.png,1
20240327_1600.png,1
20240327_2000.png,1
20240328_0000.png,1
20240328_0400.png,1
20240328_0800.png,1
20240328_1200.png,1
20240328_1600.png,1
20240328_2000.png,1
20240329_0000.png,1
20240329_0400.png,1
20240329_0800.png,1
20240329_1200.png,1
20240329_1600.png,1
20240329_2000.png,1
20240330_0000.png,1
20240330_0400.png,1
20240330_0800.png,1
20240330_1200.png,1
20240330_1600.png,1
20240330_2000.png,1
20240331_0000.png,1
20240331_0400.png,1
20240331_0800.png,1
20240331_1200.png,1
20240331_1600.png,1
20240331_2000.png,1
20240401_0000.png,1
20240401_0400.png,1
20240401_0800.png,1
20240401_1200.png,1
20240401_1600.png,1
20240401_2000.png,1
20240402_0000.png,1
20240402_0400.png,1
20240402_0800.png,1
20240402_1200.png,1
20240402_1600.png,1
20240402_2000.png,1
20240403_0000.png,0
20240403_0400.png,0
20240403_0800.png,0
20240403_1200.png,0
20240403_1600.png,0
20240403_2000.png,0
20240404_0000.png,0
20240404_0400.png,0
20240404_0800.png,0
20240404_1200.png,0
20240404_1600.png,0
20240404_2000.png,0
20240405_0000.png,1
20240405_0400.png,1
20240405_0800.png,1
20240405_1200.png,1
20240405_1600.png,1
20240405_2000.png,1
20240406_0000.png,1
20240406_0400.png,1
20240406_0800.png,1
20240406_1200.png,1
20240406_1600.png,1
20240406_2000.png,1
20240407_0000.png,1
20240407_0400.png,1
20240407_0800.png,1
20240407_1200.png,1
20240407_1600.png,1
20240407_2000.png,1
20240408_0000.png,1
20240408_0400.png,1
20240408_0800.png,1
20240408_1200.png,1
20240408_1600.png,1
20240408_2000.png,1
20240409_0000.png,1
20240409_0400.png,1
20240409_0800.png,1
20240409_1200.png,1
20240409_1600.png,1
20240409_2000.png,1
20240410_0000.png,1
20240410_0400.png,1
20240410_0800.png,1
20240410_1200.png,1
20240410_1600.png,1
20240410_2000.png,1
20240411_0000.png,1
20240411_0400.png,1
20240411_0800.png,1
20240411_1200.png,1
20240411_1600.png,1
20240411_2000.png,1
20240412_0000.png,1
20240412_0400.png,1
20240412_0800.png,1
20240412_1200.png,1
20240412_1600.png,1
20240412_2000.png,1
20240413_0000.png,0
20240413_0400.png,0
20240413_0800.png,0
20240413_1200.png,0
20240413_1600.png,0
20240413_2000.png,0
20240414_0000.png,0
20240414_0400.png,0
20240414_0800.png,0
20240414_1200.png,0
20240414_1600.png,0
20240414_2000.png,0
20240415_0000.png,0
20240415_0400.png,0
20240415_0800.png,0
20240415_1200.png,0
20240415_1600.png,0
20240415_2000.png,0
20240416_0000.png,0
20240416_0400.png,0
20240416_0800.png,0
20240416_1200.png,0
20240416_1600.png,0
20240416_2000.png,0
20240417_0000.png,0
20240417_0400.png,0
20240417_0800.png,0
20240417_1200.png,0
20240417_1600.png,0
20240417_2000.png,0
20240418_0000.png,0
20240418_0400.png,0
20240418_0800.png,0
20240418_1200.png,0
20240418_1600.png,0
20240418_2000.png,0
20240419_0000.png,0
20240419_0400.png,0
20240419_0800.png,0
20240419_1200.png,0
20240419_1600.png,0
20240419_2000.png,0
20240420_0000.png,0
20240420_0400.png,0
20240420_0800.png,0
20240420_1200.png,0
20240420_1600.png,0
20240420_2000.png,0
20240421_0000.png,0
20240421_0400.png,0
20240421_0800.png,0
20240421_1200.png,0
20240421_1600.png,0
20240421_2000.png,0
20240422_0000.png,0
20240422_0400.png,0
20240422_0800.png,0
20240422_1200.png,0
20240422_1600.png,0
20240422_2000.png,0
20240423_0000.png,1
20240423_0400.png,1
20240423_0800.png,1
20240423_1200.png,1
20240423_1600.png,1
20240423_2000.png,1
20240424_0000.png,0
20240424_0400.png,0
20240424_0800.png,0
20240424_1200.png,0
20240424_1600.png,0
20240424_2000.png,0
20240425_0000.png,0
20240425_0400.png,0
20240425_0800.png,0
20240425_1200.png,0
20240425_1600.png,0
20240425_2000.png,0
20240426_0000.png,0
20240426_0400.png,0
20240426_0800.png,0
20240426_1200.png,0
20240426_1600.png,0
20240426_2000.png,0
20240427_0000.png,0
20240427_0400.png,0
20240427_0800.png,0
20240427_1200.png,0
20240427_1600.png,0
20240427_2000.png,0
20240428_0000.png,0
20240428_0400.png,0
20240428_0800.png,0
20240428_1200.png,0
20240428_1600.png,0
20240428_2000.png,0
20240429_0000.png,0
20240429_0400.png,0
20240429_0800.png,0
20240429_1200.png,0
20240429_1600.png,0
20240429_2000.png,0
20240430_0000.png,0
20240430_0400.png,0
20240430_0800.png,0
20240430_1200.png,0
20240430_1600.png,0
20240430_2000.png,0
20240501_0000.png,0
20240501_0400.png,0
20240501_0800.png,0
20240501_1200.png,0
20240501_1600.png,0
20240501_2000.png,0
20240502_0000.png,0
20240502_0400.png,0
20240502_0800.png,0
20240502_1200.png,0
20240502_1600.png,0
20240502_2000.png,0
20240503_0000.png,0
20240503_0400.png,0
20240503_0800.png,0
20240503_1200.png,0
20240503_1600.png,0
20240503_2000.png,0
20240504_0000.png,0
20240504_0400.png,0
20240504_0800.png,0
20240504_1200.png,0
20240504_1600.png,0
20240504_2000.png,0
20240505_0000.png,1
20240505_0400.png,1
20240505_0800.png,1
20240505_1200.png,1
20240505_1600.png,1
20240505_2000.png,1
20240506_0000.png,1
20240506_0400.png,1
20240506_0800.png,1
20240506_1200.png,1
20240506_1600.png,1
20240506_2000.png,1
20240507_0000.png,0
20240507_0400.png,0
20240507_0800.png,0
20240507_1200.png,0
20240507_1600.png,0
20240507_2000.png,0
20240508_0000.png,0
20240508_0400.png,0
20240508_0800.png,0
20240508_1200.png,0
20240508_1600.png,0
20240508_2000.png,0
20240509_0000.png,0
20240509_0400.png,0
20240509_0800.png,0
20240509_1200.png,0
20240509_1600.png,0
20240509_2000.png,0
20240510_0000.png,0
20240510_0400.png,0
20240510_0800.png,0
20240510_1200.png,0
20240510_1600.png,0
20240510_2000.png,0
20240511_0000.png,0
20240511_0400.png,0
20240511_0800.png,0
20240511_1200.png,0
20240511_1600.png,0
20240511_2000.png,0
20240512_0000.png,0
20240512_0400.png,0
20240512_0800.png,0
20240512_1200.png,0
20240512_1600.png,0
20240512_2000.png,0
20240513_0000.png,0
20240513_0400.png,0
20240513_0800.png,0
20240513_1200.png,0
20240513_1600.png,0
20240513_2000.png,0
20240514_0000.png,1
20240514_0400.png,1
20240514_0800.png,1
20240514_1200.png,1
20240514_1600.png,1
20240514_2000.png,1
20240515_0000.png,0
20240515_0400.png,0
20240515_0800.png,0
20240515_1200.png,0
20240515_1600.png,0
20240515_2000.png,0
20240516_0000.png,1
20240516_0400.png,1
20240516_0800.png,1
20240516_1200.png,1
20240516_1600.png,1
20240516_2000.png,1
20240517_0000.png,1
20240517_0400.png,1
20240517_0800.png,1
20240517_1200.png,1
20240517_1600.png,1
20240517_2000.png,1
20240518_0000.png,1
20240518_0400.png,1
20240518_0800.png,1
20240518_1200.png,1
20240518_1600.png,1
20240518_2000.png,1
20240519_0000.png,1
20240519_0400.png,1
20240519_0800.png,1
20240519_1200.png,1
20240519_1600.png,1
20240519_2000.png,1
20240520_0000.png,1
20240520_0400.png,1
20240520_0800.png,1
20240520_1200.png,1
20240520_1600.png,1
20240520_2000.png,1
20240521_0000.png,1
20240521_0400.png,1
20240521_0800.png,1
20240521_1200.png,1
20240521_1600.png,1
20240521_2000.png,1
20240522_0000.png,1
20240522_0400.png,1
20240522_0800.png,1
20240522_1200.png,1
20240522_1600.png,1
20240522_2000.png,1
20240523_0000.png,1
20240523_0400.png,1
20240523_0800.png,1
20240523_1200.png,1
20240523_1600.png,1
20240523_2000.png,1
20240524_0000.png,1
20240524_0400.png,1
20240524_0800.png,1
20240524_1200.png,1
20240524_1600.png,1
20240524_2000.png,1
20240525_0000.png,1
20240525_0400.png,1
20240525_0800.png,1
20240525_1200.png,1
20240525_1600.png,1
20240525_2000.png,1
20240526_0000.png,1
20240526_0400.png,1
20240526_0800.png,1
20240526_1200.png,1
20240526_1600.png,1
20240526_2000.png,1
20240527_0000.png,1
20240527_0400.png,1
20240527_0800.png,1
20240527_1200.png,1
20240527_1600.png,1
20240527_2000.png,1
20240528_0000.png,1
20240528_0400.png,1
20240528_0800.png,1
20240528_1200.png,1
20240528_1600.png,1
20240528_2000.png,1
20240529_0000.png,1
20240529_0400.png,1
20240529_0800.png,1
20240529_1200.png,1
20240529_1600.png,1
20240529_2000.png,1
20240530_0000.png,1
20240530_0400.png,1
20240530_0800.png,1
20240530_1200.png,1
20240530_1600.png,1
20240530_2000.png,1
20240531_0000.png,1
20240531_0400.png,1
20240531_0800.png,1
20240531_1200.png,1
20240531_1600.png,1
20240531_2000.png,1
20240601_0000.png,1
20240601_0400.png,1
20240601_0800.png,1
20240601_1200.png,1
20240601_1600.png,1
20240601_2000.png,1
20240602_0000.png,1
20240602_0400.png,1
20240602_0800.png,1
20240602_1200.png,1
20240602_1600.png,1
20240602_2000.png,1
20240603_0000.png,1
20240603_0400.png,1
20240603_0800.png,1
20240603_1200.png,1
20240603_1600.png,1
20240603_2000.png,1
20240604_0000.png,1
20240604_0400.png,1
20240604_0800.png,1
20240604_1200.png,1
20240604_1600.png,1
20240604_2000.png,1
20240605_0000.png,1
20240605_0400.png,1
20240605_0800.png,1
20240605_1200.png,1
20240605_1600.png,1
20240605_2000.png,1
20240606_0000.png,1
20240606_0400.png,1
20240606_0800.png,1
20240606_1200.png,1
20240606_1600.png,1
20240606_2000.png,1
20240607_0000.png,1
20240607_0400.png,1
20240607_0800.png,1
20240607_1200.png,1
20240607_1600.png,1
20240607_2000.png,1
20240608_0000.png,1
20240608_0400.png,1
20240608_0800.png,1
20240608_1200.png,1
20240608_1600.png,1
20240608_2000.png,1
20240609_0000.png,1
20240609_0400.png,1
20240609_0800.png,1
20240609_1200.png,1
20240609_1600.png,1
20240609_2000.png,1
20240610_0000.png,1
20240610_0400.png,1
20240610_0800.png,1
20240610_1200.png,1
20240610_1600.png,1
20240610_2000.png,1
20240611_0000.png,1
20240611_0400.png,1
20240611_0800.png,1
20240611_1200.png,1
20240611_1600.png,1
20240611_2000.png,1
20240612_0000.png,0
20240612_0400.png,0
20240612_0800.png,0
20240612_1200.png,0
20240612_1600.png,0
20240612_2000.png,0
20240613_0000.png,0
20240613_0400.png,0
20240613_0800.png,0
20240613_1200.png,0
20240613_1600.png,0
20240613_2000.png,0
20240614_0000.png,0
20240614_0400.png,0
20240614_0800.png,0
20240614_1200.png,0
20240614_1600.png,0
20240614_2000.png,0
20240615_0000.png,0
20240615_0400.png,0
20240615_0800.png,0
20240615_1200.png,0
20240615_1600.png,0
20240615_2000.png,0
20240616_0000.png,0
20240616_0400.png,0
20240616_0800.png,0
20240616_1200.png,0
20240616_1600.png,0
20240616_2000.png,0
20240617_0000.png,0
20240617_0400.png,0
20240617_0800.png,0
20240617_1200.png,0
20240617_1600.png,0
20240617_2000.png,0
20240618_0000.png,0
20240618_0400.png,0
20240618_0800.png,0
20240618_1200.png,0
20240618_1600.png,0
20240618_2000.png,0
20240619_0000.png,0
20240619_0400.png,0
20240619_0800.png,0
20240619_1200.png,0
20240619_1600.png,0
20240619_2000.png,0
20240620_0000.png,0
20240620_0400.png,0
20240620_0800.png,0
20240620_1200.png,0
20240620_1600.png,0
20240620_2000.png,0
20240621_0000.png,0
20240621_0400.png,0
20240621_0800.png,0
20240621_1200.png,0
20240621_1600.png,0
20240621_2000.png,0
20240622_0000.png,0
20240622_0400.png,0
20240622_0800.png,0
20240622_1200.png,0
20240622_1600.png,0
20240622_2000.png,0
20240623_0000.png,0
20240623_0400.png,0
20240623_0800.png,0
20240623_1200.png,0
20240623_1600.png,0
20240623_2000.png,0
20240624_0000.png,0
20240624_0400.png,0
20240624_0800.png,0
20240624_1200.png,0
20240624_1600.png,0
20240624_2000.png,0
20240625_0000.png,0
20240625_0400.png,0
20240625_0800.png,0
20240625_1200.png,0
20240625_1600.png,0
20240625_2000.png,0
20240626_0000.png,0
20240626_0400.png,0
20240626_0800.png,0
20240626_1200.png,0
20240626_1600.png,0
20240626_2000.png,0
20240627_0000.png,0
20240627_0400.png,0
20240627_0800.png,0
20240627_1200.png,0
20240627_1600.png,0
20240627_2000.png,0
20240628_0000.png,0
20240628_0400.png,0
20240628_0800.png,0
20240628_1200.png,0
20240628_1600.png,0
20240628_2000.png,0
20240629_0000.png,0
20240629_0400.png,0
20240629_0800.png,0
20240629_1200.png,0
20240629_1600.png,0
20240629_2000.png,0
20240630_0000.png,0
20240630_0400.png,0
20240630_0800.png,0
20240630_1200.png,0
20240630_1600.png,0
20240630_2000.png,0
20240701_0000.png,0
20240701_0400.png,0
20240701_0800.png,0
20240701_1200.png,0
20240701_1600.png,0
20240701_2000.png,0
20240702_0000.png,0
20240702_0400.png,0
20240702_0800.png,0
20240702_1200.png,0
20240702_1600.png,0
20240702_2000.png,0
20240703_0000.png,0
20240703_0400.png,0
20240703_0800.png,0
20240703_1200.png,0
20240703_1600.png,0
20240703_2000.png,0
20240704_0000.png,0
20240704_0400.png,0
20240704_0800.png,0
20240704_1200.png,0
20240704_1600.png,0
20240704_2000.png,0
20240705_0000.png,0
20240705_0400.png,0
20240705_0800.png,0
20240705_1200.png,0
20240705_1600.png,0
20240705_2000.png,0
20240706_0000.png,0
20240706_0400.png,0
20240706_0800.png,0
20240706_1200.png,0
20240706_1600.png,0
20240706_2000.png,0
20240707_0000.png,0
20240707_0400.png,0
20240707_0800.png,0
20240707_1200.png,0
20240707_1600.png,0
20240707_2000.png,0
20240708_0000.png,0
20240708_0400.png,0
20240708_0800.png,0
20240708_1200.png,0
20240708_1600.png,0
20240708_2000.png,0
20240709_0000.png,0
20240709_0400.png,0
20240709_0800.png,0
20240709_1200.png,0
20240709_1600.png,0
20240709_2000.png,0
20240710_0000.png,0
20240710_0400.png,0
20240710_0800.png,0
20240710_1200.png,0
20240710_1600.png,0
20240710_2000.png,0
20240711_0000.png,0
20240711_0400.png,0
20240711_0800.png,0
20240711_1200.png,0
20240711_1600.png,0
20240711_2000.png,0
20240712_0000.png,0
20240712_0400.png,0
20240712_0800.png,0
20240712_1200.png,0
20240712_1600.png,0
20240712_2000.png,0
20240713_0000.png,0
20240713_0400.png,0
20240713_0800.png,0
20240713_1200.png,0
20240713_1600.png,0
20240713_2000.png,0
20240714_0000.png,0
20240714_0400.png,0
20240714_0800.png,0
20240714_1200.png,0
20240714_1600.png,0
20240714_2000.png,0
20240715_0000.png,1
20240715_0400.png,1
20240715_0800.png,1
20240715_1200.png,1
20240715_1600.png,1
20240715_2000.png,1
20240716_0000.png,1
20240716_0400.png,1
20240716_0800.png,1
20240716_1200.png,1
20240716_1600.png,1
20240716_2000.png,1
20240717_0000.png,1
20240717_0400.png,1
20240717_0800.png,1
20240717_1200.png,1
20240717_1600.png,1
20240717_2000.png,1
20240718_0000.png,1
20240718_0400.png,1
20240718_0800.png,1
20240718_1200.png,1
20240718_1600.png,1
20240718_2000.png,1
20240719_0000.png,1
20240719_0400.png,1
20240719_0800.png,1
20240719_1200.png,1
20240719_1600.png,1
20240719_2000.png,1
20240720_0000.png,1
20240720_0400.png,1
20240720_0800.png,1
20240720_1200.png,1
20240720_1600.png,1
20240720_2000.png,1
20240721_0000.png,1
20240721_0400.png,1
20240721_0800.png,1
20240721_1200.png,1
20240721_1600.png,1
20240721_2000.png,1
20240722_0000.png,1
20240722_0400.png,1
20240722_0800.png,1
20240722_1200.png,1
20240722_1600.png,1
20240722_2000.png,1
20240723_0000.png,1
20240723_0400.png,1
20240723_0800.png,1
20240723_1200.png,1
20240723_1600.png,1
20240723_2000.png,1
20240724_0000.png,1
20240724_0400.png,1
20240724_0800.png,1
20240724_1200.png,1
20240724_1600.png,1
20240724_2000.png,1
20240725_0000.png,1
20240725_0400.png,1
20240725_0800.png,1
20240725_1200.png,1
20240725_1600.png,1
20240725_2000.png,1
20240726_0000.png,1
20240726_0400.png,1
20240726_0800.png,1
20240726_1200.png,1
20240726_1600.png,1
20240726_2000.png,1
20240727_0000.png,1
20240727_0400.png,1
20240727_0800.png,1
20240727_1200.png,1
20240727_1600.png,1
20240727_2000.png,1
20240728_0000.png,1
20240728_0400.png,1
20240728_0800.png,1
20240728_1200.png,1
20240728_1600.png,1
20240728_2000.png,1
20240729_0000.png,1
20240729_0400.png,1
20240729_0800.png,1
20240729_1200.png,1
20240729_1600.png,1
20240729_2000.png,1
20240730_0000.png,1
20240730_0400.png,1
20240730_0800.png,1
20240730_1200.png,1
20240730_1600.png,1
20240730_2000.png,1
20240731_0000.png,1
20240731_0400.png,1
20240731_0800.png,1
20240731_1200.png,1
20240731_1600.png,1
20240731_2000.png,1
20240801_0000.png,0
20240801_0400.png,0
20240801_0800.png,0
20240801_1200.png,0
20240801_1600.png,0
20240801_2000.png,0
20240802_0000.png,0
20240802_0400.png,0
20240802_0800.png,0
20240802_1200.png,0
20240802_1600.png,0
20240802_2000.png,0
20240803_0000.png,0
20240803_0400.png,0
20240803_0800.png,0
20240803_1200.png,0
20240803_1600.png,0
20240803_2000.png,0
20240804_0000.png,0
20240804_0400.png,0
20240804_0800.png,0
20240804_1200.png,0
20240804_1600.png,0
20240804_2000.png,0
20240805_0000.png,0
20240805_0400.png,0
20240805_0800.png,0
20240805_1200.png,0
20240805_1600.png,0
20240805_2000.png,0
20240806_0000.png,0
20240806_0400.png,0
20240806_0800.png,0
20240806_1200.png,0
20240806_1600.png,0
20240806_2000.png,0
20240807_0000.png,0
20240807_0400.png,0
20240807_0800.png,0
20240807_1200.png,0
20240807_1600.png,0
20240807_2000.png,0
20240808_0000.png,0
20240808_0400.png,0
20240808_0800.png,0
20240808_1200.png,0
20240808_1600.png,0
20240808_2000.png,0
20240809_0000.png,0
20240809_0400.png,0
20240809_0800.png,0
20240809_1200.png,0
20240809_1600.png,0
20240809_2000.png,0
20240810_0000.png,0
20240810_0400.png,0
20240810_0800.png,0
20240810_1200.png,0
20240810_1600.png,0
20240810_2000.png,0
20240811_0000.png,0
20240811_0400.png,0
20240811_0800.png,0
20240811_1200.png,0
20240811_1600.png,0
20240811_2000.png,0
20240812_0000.png,0
20240812_0400.png,0
20240812_0800.png,0
20240812_1200.png,0
20240812_1600.png,0
20240812_2000.png,0
20240813_0000.png,0
20240813_0400.png,0
20240813_0800.png,0
20240813_1200.png,0
20240813_1600.png,0
20240813_2000.png,0
20240814_0000.png,0
20240814_0400.png,0
20240814_0800.png,0
20240814_1200.png,0
20240814_1600.png,0
20240814_2000.png,0
20240815_0000.png,0
20240815_0400.png,0
20240815_0800.png,0
20240815_1200.png,0
20240815_1600.png,0
20240815_2000.png,0
20240816_0000.png,0
20240816_0400.png,0
20240816_0800.png,0
20240816_1200.png,0
20240816_1600.png,0
20240816_2000.png,0
20240817_0000.png,0
20240817_0400.png,0
20240817_0800.png,0
20240817_1200.png,0
20240817_1600.png,0
20240817_2000.png,0
20240818_0000.png,0
20240818_0400.png,0
20240818_0800.png,0
20240818_1200.png,0
20240818_1600.png,0
20240818_2000.png,0
20240819_0000.png,0
20240819_0400.png,0
20240819_0800.png,0
20240819_1200.png,0
20240819_1600.png,0
20240819_2000.png,0
20240820_0000.png,0
20240820_0400.png,0
20240820_0800.png,0
20240820_1200.png,0
20240820_1600.png,0
20240820_2000.png,0
20240821_0000.png,0
20240821_0400.png,0
20240821_0800.png,0
20240821_1200.png,0
20240821_1600.png,0
20240821_2000.png,0
20240822_0000.png,1
20240822_0400.png,1
20240822_0800.png,1
20240822_1200.png,1
20240822_1600.png,1
20240822_2000.png,1
20240823_0000.png,1
20240823_0400.png,1
20240823_0800.png,1
20240823_1200.png,1
20240823_1600.png,1
20240823_2000.png,1
20240824_0000.png,1
20240824_0400.png,1
20240824_0800.png,1
20240824_1200.png,1
20240824_1600.png,1
20240824_2000.png,1
20240825_0000.png,1
20240825_0400.png,1
20240825_0800.png,1
20240825_1200.png,1
20240825_1600.png,1
20240825_2000.png,1
20240826_0000.png,1
20240826_0400.png,1
20240826_0800.png,1
20240826_1200.png,1
20240826_1600.png,1
20240826_2000.png,1
20240827_0000.png,1
20240827_0400.png,1
20240827_0800.png,1
20240827_1200.png,1
20240827_1600.png,1
20240827_2000.png,1
20240828_0000.png,0
20240828_0400.png,0
20240828_0800.png,0
20240828_1200.png,0
20240828_1600.png,0
20240828_2000.png,0
20240829_0000.png,0
20240829_0400.png,0
20240829_0800.png,0
20240829_1200.png,0
20240829_1600.png,0
20240829_2000.png,0
20240830_0000.png,0
20240830_0400.png,0
20240830_0800.png,0
20240830_1200.png,0
20240830_1600.png,0
20240830_2000.png,0
20240831_0000.png,0
20240831_0400.png,0
20240831_0800.png,0
20240831_1200.png,0
20240831_1600.png,0
20240831_2000.png,0
20240901_0000.png,0
20240901_0400.png,0
20240901_0800.png,0
20240901_1200.png,0
20240901_1600.png,0
20240901_2000.png,0
20240902_0000.png,0
20240902_0400.png,0
20240902_0800.png,0
20240902_1200.png,0
20240902_1600.png,0
20240902_2000.png,0
20240903_0000.png,0
20240903_0400.png,0
20240903_0800.png,0
20240903_1200.png,0
20240903_1600.png,0
20240903_2000.png,0
20240904_0000.png,0
20240904_0400.png,0
20240904_0800.png,0
20240904_1200.png,0
20240904_1600.png,0
20240904_2000.png,0
20240905_0000.png,0
20240905_0400.png,0
20240905_0800.png,0
20240905_1200.png,0
20240905_1600.png,0
20240905_2000.png,0
20240906_0000.png,0
20240906_0400.png,0
20240906_0800.png,0
20240906_1200.png,0
20240906_1600.png,0
20240906_2000.png,0
20240907_0000.png,0
20240907_0400.png,0
20240907_0800.png,0
20240907_1200.png,0
20240907_1600.png,0
20240907_2000.png,0
20240908_0000.png,0
20240908_0400.png,0
20240908_0800.png,0
20240908_1200.png,0
20240908_1600.png,0
20240908_2000.png,0
20240909_0000.png,0
20240909_0400.png,0
20240909_0800.png,0
20240909_1200.png,0
20240909_1600.png,0
20240909_2000.png,0
20240910_0000.png,0
20240910_0400.png,0
20240910_0800.png,0
20240910_1200.png,0
20240910_1600.png,0
20240910_2000.png,0
20240911_0000.png,0
20240911_0400.png,0
20240911_0800.png,0
20240911_1200.png,0
20240911_1600.png,0
20240911_2000.png,0
20240912_0000.png,0
20240912_0400.png,0
20240912_0800.png,0
20240912_1200.png,0
20240912_1600.png,0
20240912_2000.png,0
20240913_0000.png,0
20240913_0400.png,0
20240913_0800.png,0
20240913_1200.png,0
20240913_1600.png,0
20240913_2000.png,0
20240914_0000.png,1
20240914_0400.png,1
20240914_0800.png,1
20240914_1200.png,1
20240914_1600.png,1
20240914_2000.png,1
20240915_0000.png,1
20240915_0400.png,1
20240915_0800.png,1
20240915_1200.png,1
20240915_1600.png,1
20240915_2000.png,1
20240916_0000.png,1
20240916_0400.png,1
20240916_0800.png,1
20240916_1200.png,1
20240916_1600.png,1
20240916_2000.png,1
20240917_0000.png,1
20240917_0400.png,1
20240917_0800.png,1
20240917_1200.png,1
20240917_1600.png,1
20240917_2000.png,1
20240918_0000.png,1
20240918_0400.png,1
20240918_0800.png,1
20240918_1200.png,1
20240918_1600.png,1
20240918_2000.png,1
20240919_0000.png,1
20240919_0400.png,1
20240919_0800.png,1
20240919_1200.png,1
20240919_1600.png,1
20240919_2000.png,1
20240920_0000.png,1
20240920_0400.png,1
20240920_0800.png,1
20240920_1200.png,1
20240920_1600.png,1
20240920_2000.png,1
20240921_0000.png,1
20240921_0400.png,1
20240921_0800.png,1
20240921_1200.png,1
20240921_1600.png,1
20240921_2000.png,1
20240922_0000.png,1
20240922_0400.png,1
20240922_0800.png,1
20240922_1200.png,1
20240922_1600.png,1
20240922_2000.png,1
20240923_0000.png,1
20240923_0400.png,1
20240923_0800.png,1
20240923_1200.png,1
20240923_1600.png,1
20240923_2000.png,1
20240924_0000.png,1
20240924_0400.png,1
20240924_0800.png,1
20240924_1200.png,1
20240924_1600.png,1
20240924_2000.png,1
20240925_0000.png,1
20240925_0400.png,1
20240925_0800.png,1
20240925_1200.png,1
20240925_1600.png,1
20240925_2000.png,1
20240926_0000.png,1
20240926_0400.png,1
20240926_0800.png,1
20240926_1200.png,1
20240926_1600.png,1
20240926_2000.png,1
20240927_0000.png,1
20240927_0400.png,1
20240927_0800.png,1
20240927_1200.png,1
20240927_1600.png,1
20240927_2000.png,1
20240928_0000.png,1
20240928_0400.png,1
20240928_0800.png,1
20240928_1200.png,1
20240928_1600.png,1
20240928_2000.png,1
20240929_0000.png,1
20240929_0400.png,1
20240929_0800.png,1
20240929_1200.png,1
20240929_1600.png,1
20240929_2000.png,1
20240930_0000.png,1
20240930_0400.png,1
20240930_0800.png,1
20240930_1200.png,1
20240930_1600.png,1
20240930_2000.png,1
20241001_0000.png,1
20241001_0400.png,1
20241001_0800.png,1
20241001_1200.png,1
20241001_1600.png,1
20241001_2000.png,1
20241002_0000.png,0
20241002_0400.png,0
20241002_0800.png,0
20241002_1200.png,0
20241002_1600.png,0
20241002_2000.png,0
20241003_0000.png,0
20241003_0400.png,0
20241003_0800.png,0
20241003_1200.png,0
20241003_1600.png,0
20241003_2000.png,0
20241004_0000.png,0
20241004_0400.png,0
20241004_0800.png,0
20241004_1200.png,0
20241004_1600.png,0
20241004_2000.png,0
20241005_0000.png,0
20241005_0400.png,0
20241005_0800.png,0
20241005_1200.png,0
20241005_1600.png,0
20241005_2000.png,0
20241006_0000.png,0
20241006_0400.png,0
20241006_0800.png,0
20241006_1200.png,0
20241006_1600.png,0
20241006_2000.png,0
20241007_0000.png,0
20241007_0400.png,0
20241007_0800.png,0
20241007_1200.png,0
20241007_1600.png,0
20241007_2000.png,0
20241008_0000.png,0
20241008_0400.png,0
20241008_0800.png,0
20241008_1200.png,0
20241008_1600.png,0
20241008_2000.png,0
20241009_0000.png,0
20241009_0400.png,0
20241009_0800.png,0
20241009_1200.png,0
20241009_1600.png,0
20241009_2000.png,0
20241010_0000.png,0
20241010_0400.png,0
20241010_0800.png,0
20241010_1200.png,0
20241010_1600.png,0
20241010_2000.png,0
20241011_0000.png,0
20241011_0400.png,0
20241011_0800.png,0
20241011_1200.png,0
20241011_1600.png,0
20241011_2000.png,0
20241012_0000.png,0
20241012_0400.png,0
20241012_0800.png,0
20241012_1200.png,0
20241012_1600.png,0
20241012_2000.png,0
20241013_0000.png,1
20241013_0400.png,1
20241013_0800.png,1
20241013_1200.png,1
20241013_1600.png,1
20241013_2000.png,1
20241014_0000.png,1
20241014_0400.png,1
20241014_0800.png,1
20241014_1200.png,1
20241014_1600.png,1
20241014_2000.png,1
20241015_0000.png,1
20241015_0400.png,1
20241015_0800.png,1
20241015_1200.png,1
20241015_1600.png,1
20241015_2000.png,1
20241016_0000.png,1
20241016_0400.png,1
20241016_0800.png,1
20241016_1200.png,1
20241016_1600.png,1
20241016_2000.png,1
20241017_0000.png,1
20241017_0400.png,1
20241017_0800.png,1
20241017_1200.png,1
20241017_1600.png,1
20241017_2000.png,1
20241018_0000.png,1
20241018_0400.png,1
20241018_0800.png,1
20241018_1200.png,1
20241018_1600.png,1
20241018_2000.png,1
20241019_0000.png,1
20241019_0400.png,1
20241019_0800.png,1
20241019_1200.png,1
20241019_1600.png,1
20241019_2000.png,1
20241020_0000.png,1
20241020_0400.png,1
20241020_0800.png,1
20241020_1200.png,1
20241020_1600.png,1
20241020_2000.png,1
20241021_0000.png,1
20241021_0400.png,1
20241021_0800.png,1
20241021_1200.png,1
20241021_1600.png,1
20241021_2000.png,1
20241022_0000.png,1
20241022_0400.png,1
20241022_0800.png,1
20241022_1200.png,1
20241022_1600.png,1
20241022_2000.png,1
20241023_0000.png,1
20241023_0400.png,1
20241023_0800.png,1
20241023_1200.png,1
20241023_1600.png,1
20241023_2000.png,1
20241024_0000.png,1
20241024_0400.png,1
20241024_0800.png,1
20241024_1200.png,1
20241024_1600.png,1
20241024_2000.png,1
20241025_0000.png,1
20241025_0400.png,1
20241025_0800.png,1
20241025_1200.png,1
20241025_1600.png,1
20241025_2000.png,1
20241026_0000.png,1
20241026_0400.png,1
20241026_0800.png,1
20241026_1200.png,1
20241026_1600.png,1
20241026_2000.png,1
20241027_0000.png,1
20241027_0400.png,1
20241027_0800.png,1
20241027_1200.png,1
20241027_1600.png,1
20241027_2000.png,1
20241028_0000.png,1
20241028_0400.png,1
20241028_0800.png,1
20241028_1200.png,1
20241028_1600.png,1
20241028_2000.png,1
20241029_0000.png,1
20241029_0400.png,1
20241029_0800.png,1
20241029_1200.png,1
20241029_1600.png,1
20241029_2000.png,1
20241030_0000.png,1
20241030_0400.png,1
20241030_0800.png,1
20241030_1200.png,1
20241030_1600.png,1
20241030_2000.png,1
20241031_0000.png,1
20241031_0400.png,1
20241031_0800.png,1
20241031_1200.png,1
20241031_1600.png,1
20241031_2000.png,1
20241101_0000.png,1
20241101_0400.png,1
20241101_0800.png,1
20241101_1200.png,1
20241101_1600.png,1
20241101_2000.png,1
20241102_0000.png,1
20241102_0400.png,1
20241102_0800.png,1
20241102_1200.png,1
20241102_1600.png,1
20241102_2000.png,1
20241103_0000.png,1
20241103_0400.png,1
20241103_0800.png,1
20241103_1200.png,1
20241103_1600.png,1
20241103_2000.png,1
20241104_0000.png,1
20241104_0400.png,1
20241104_0800.png,1
20241104_1200.png,1
20241104_1600.png,1
20241104_2000.png,1
20241105_0000.png,0
20241105_0400.png,0
20241105_0800.png,0
20241105_1200.png,0
20241105_1600.png,0
20241105_2000.png,0
20241106_0000.png,1
20241106_0400.png,1
20241106_0800.png,1
20241106_1200.png,1
20241106_1600.png,1
20241106_2000.png,1
20241107_0000.png,1
20241107_0400.png,1
20241107_0800.png,1
20241107_1200.png,1
20241107_1600.png,1
20241107_2000.png,1
20241108_0000.png,1
20241108_0400.png,1
20241108_0800.png,1
20241108_1200.png,1
20241108_1600.png,1
20241108_2000.png,1
20241109_0000.png,1
20241109_0400.png,1
20241109_0800.png,1
20241109_1200.png,1
20241109_1600.png,1
20241109_2000.png,1
20241110_0000.png,1
20241110_0400.png,1
20241110_0800.png,1
20241110_1200.png,1
20241110_1600.png,1
20241110_2000.png,1
20241111_0000.png,1
20241111_0400.png,1
20241111_0800.png,1
20241111_1200.png,1
20241111_1600.png,1
20241111_2000.png,1
20241112_0000.png,1
20241112_0400.png,1
20241112_0800.png,1
20241112_1200.png,1
20241112_1600.png,1
20241112_2000.png,1
20241113_0000.png,1
20241113_0400.png,1
20241113_0800.png,1
20241113_1200.png,1
20241113_1600.png,1
20241113_2000.png,1
20241114_0000.png,1
20241114_0400.png,1
20241114_0800.png,1
20241114_1200.png,1
20241114_1600.png,1
20241114_2000.png,1
20241115_0000.png,1
20241115_0400.png,1
20241115_0800.png,1
20241115_1200.png,1
20241115_1600.png,1
20241115_2000.png,1
20241116_0000.png,1
20241116_0400.png,1
20241116_0800.png,1
20241116_1200.png,1
20241116_1600.png,1
20241116_2000.png,1
20241117_0000.png,1
20241117_0400.png,1
20241117_0800.png,1
20241117_1200.png,1
20241117_1600.png,1
20241117_2000.png,1
20241118_0000.png,1
20241118_0400.png,1
20241118_0800.png,1
20241118_1200.png,1
20241118_1600.png,1
20241118_2000.png,1
20241119_0000.png,1
20241119_0400.png,1
20241119_0800.png,1
20241119_1200.png,1
20241119_1600.png,1
20241119_2000.png,1
20241120_0000.png,1
20241120_0400.png,1
20241120_0800.png,1
20241120_1200.png,1
20241120_1600.png,1
20241120_2000.png,1
20241121_0000.png,1
20241121_0400.png,1
20241121_0800.png,1
20241121_1200.png,1
20241121_1600.png,1
20241121_2000.png,1
20241122_0000.png,1
20241122_0400.png,1
20241122_0800.png,1
20241122_1200.png,1
20241122_1600.png,1
20241122_2000.png,1
20241123_0000.png,1
20241123_0400.png,1
20241123_0800.png,1
20241123_1200.png,1
20241123_1600.png,1
20241123_2000.png,1
20241124_0000.png,1
20241124_0400.png,1
20241124_0800.png,1
20241124_1200.png,1
20241124_1600.png,1
20241124_2000.png,1
20241125_0000.png,1
20241125_0400.png,1
20241125_0800.png,1
20241125_1200.png,1
20241125_1600.png,1
20241125_2000.png,1
20241126_0000.png,1
20241126_0400.png,1
20241126_0800.png,1
20241126_1200.png,1
20241126_1600.png,1
20241126_2000.png,1
20241127_0000.png,1
20241127_0400.png,1
20241127_0800.png,1
20241127_1200.png,1
20241127_1600.png,1
20241127_2000.png,1
20241128_0000.png,1
20241128_0400.png,1
20241128_0800.png,1
20241128_1200.png,1
20241128_1600.png,1
20241128_2000.png,1
20241129_0000.png,1
20241129_0400.png,1
20241129_0800.png,1
20241129_1200.png,1
20241129_1600.png,1
20241129_2000.png,1
20241130_0000.png,1
20241130_0400.png,1
20241130_0800.png,1
20241130_1200.png,1
20241130_1600.png,1
20241130_2000.png,1
20241201_0000.png,1
20241201_0400.png,1
20241201_0800.png,1
20241201_1200.png,1
20241201_1600.png,1
20241201_2000.png,1
20241202_0000.png,1
20241202_0400.png,1
20241202_0800.png,1
20241202_1200.png,1
20241202_1600.png,1
20241202_2000.png,1
20241203_0000.png,1
20241203_0400.png,1
20241203_0800.png,1
20241203_1200.png,1
20241203_1600.png,1
20241203_2000.png,1
20241204_0000.png,1
20241204_0400.png,1
20241204_0800.png,1
20241204_1200.png,1
20241204_1600.png,1
20241204_2000.png,1
20241205_0000.png,1
20241205_0400.png,1
20241205_0800.png,1
20241205_1200.png,1
20241205_1600.png,1
20241205_2000.png,1
20241206_0000.png,1
20241206_0400.png,1
20241206_0800.png,1
20241206_1200.png,1
20241206_1600.png,1
20241206_2000.png,1
20241207_0000.png,1
20241207_0400.png,1
20241207_0800.png,1
20241207_1200.png,1
20241207_1600.png,1
20241207_2000.png,1
20241208_0000.png,1
20241208_0400.png,1
20241208_0800.png,1
20241208_1200.png,1
20241208_1600.png,1
20241208_2000.png,1
20241209_0000.png,1
20241209_0400.png,1
20241209_0800.png,1
20241209_1200.png,1
20241209_1600.png,1
20241209_2000.png,1
20241210_0000.png,1
20241210_0400.png,1
20241210_0800.png,1
20241210_1200.png,1
20241210_1600.png,1
20241210_2000.png,1
20241211_0000.png,0
20241211_0400.png,0
20241211_0800.png,0
20241211_1200.png,0
20241211_1600.png,0
20241211_2000.png,0
20241212_0000.png,1
20241212_0400.png,1
20241212_0800.png,1
20241212_1200.png,1
20241212_1600.png,1
20241212_2000.png,1
20241213_0000.png,1
20241213_0400.png,1
20241213_0800.png,1
20241213_1200.png,1
20241213_1600.png,1
20241213_2000.png,1
20241214_0000.png,1
20241214_0400.png,1
20241214_0800.png,1
20241214_1200.png,1
20241214_1600.png,1
20241214_2000.png,1
20241215_0000.png,1
20241215_0400.png,1
20241215_0800.png,1
20241215_1200.png,1
20241215_1600.png,1
20241215_2000.png,1
20241216_0000.png,1
20241216_0400.png,1
20241216_0800.png,1
20241216_1200.png,1
20241216_1600.png,1
20241216_2000.png,1
20241217_0000.png,1
20241217_0400.png,1
20241217_0800.png,1
20241217_1200.png,1
20241217_1600.png,1
20241217_2000.png,1
20241218_0000.png,1
20241218_0400.png,1
20241218_0800.png,1
20241218_1200.png,1
20241218_1600.png,1
20241218_2000.png,1
20241219_0000.png,1
20241219_0400.png,1
20241219_0800.png,1
20241219_1200.png,1
20241219_1600.png,1
20241219_2000.png,1
20241220_0000.png,0
20241220_0400.png,0
20241220_0800.png,0
20241220_1200.png,0
20241220_1600.png,0
20241220_2000.png,0
20241221_0000.png,0
20241221_0400.png,0
20241221_0800.png,0
20241221_1200.png,0
20241221_1600.png,0
20241221_2000.png,0
20241222_0000.png,0
20241222_0400.png,0
20241222_0800.png,0
20241222_1200.png,0
20241222_1600.png,0
20241222_2000.png,0
20241223_0000.png,0
20241223_0400.png,0
20241223_0800.png,0
20241223_1200.png,0
20241223_1600.png,0
20241223_2000.png,0
20241224_0000.png,0
20241224_0400.png,0
20241224_0800.png,0
20241224_1200.png,0
20241224_1600.png,0
20241224_2000.png,0
20241225_0000.png,0
20241225_0400.png,0
20241225_0800.png,0
20241225_1200.png,0
20241225_1600.png,0
20241225_2000.png,0
20241226_0000.png,0
20241226_0400.png,0
20241226_0800.png,0
20241226_1200.png,0
20241226_1600.png,0
20241226_2000.png,0
20241227_0000.png,0
20241227_0400.png,0
20241227_0800.png,0
20241227_1200.png,0
20241227_1600.png,0
20241227_2000.png,0
20241228_0000.png,0
20241228_0400.png,0
20241228_0800.png,0
20241228_1200.png,0
20241228_1600.png,0
20241228_2000.png,0
20241229_0000.png,0
20241229_0400.png,0
20241229_0800.png,0
20241229_1200.png,0
20241229_1600.png,0
20241229_2000.png,0
20241230_0000.png,0
20241230_0400.png,0
20241230_0800.png,0
20241230_1200.png,0
20241230_1600.png,0
20241230_2000.png,0
20241231_0000.png,0
20241231_0400.png,0
20241231_0800.png,0
20241231_1200.png,0
20241231_1600.png,0
20241231_2000.png,0
20250101_0000.png,0
20250101_0400.png,0
20250101_0800.png,0
20250101_1200.png,0
20250101_1600.png,0
20250101_2000.png,0
20250102_0000.png,0
20250102_0400.png,0
20250102_0800.png,0
20250102_1200.png,0
20250102_1600.png,0
20250102_2000.png,0
20250103_0000.png,0
20250103_0400.png,0
20250103_0800.png,0
20250103_1200.png,0
20250103_1600.png,0
20250103_2000.png,0
20250104_0000.png,1
20250104_0400.png,1
20250104_0800.png,1
20250104_1200.png,1
20250104_1600.png,1
20250104_2000.png,1
20250105_0000.png,1
20250105_0400.png,1
20250105_0800.png,1
20250105_1200.png,1
20250105_1600.png,1
20250105_2000.png,1
20250106_0000.png,1
20250106_0400.png,1
20250106_0800.png,1
20250106_1200.png,1
20250106_1600.png,1
20250106_2000.png,1
20250107_0000.png,1
20250107_0400.png,1
20250107_0800.png,1
20250107_1200.png,1
20250107_1600.png,1
20250107_2000.png,1
20250108_0000.png,1
20250108_0400.png,1
20250108_0800.png,1
20250108_1200.png,1
20250108_1600.png,1
20250108_2000.png,1
20250109_0000.png,0
20250109_0400.png,0
20250109_0800.png,0
20250109_1200.png,0
20250109_1600.png,0
20250109_2000.png,0
20250110_0000.png,0
20250110_0400.png,0
20250110_0800.png,0
20250110_1200.png,0
20250110_1600.png,0
20250110_2000.png,0
20250111_0000.png,0
20250111_0400.png,0
20250111_0800.png,0
20250111_1200.png,0
20250111_1600.png,0
20250111_2000.png,0
20250112_0000.png,0
20250112_0400.png,0
20250112_0800.png,0
20250112_1200.png,0
20250112_1600.png,0
20250112_2000.png,0
20250113_0000.png,0
20250113_0400.png,0
20250113_0800.png,0
20250113_1200.png,0
20250113_1600.png,0
20250113_2000.png,0
20250114_0000.png,0
20250114_0400.png,0
20250114_0800.png,0
20250114_1200.png,0
20250114_1600.png,0
20250114_2000.png,0
20250115_0000.png,1
20250115_0400.png,1
20250115_0800.png,1
20250115_1200.png,1
20250115_1600.png,1
20250115_2000.png,1
20250116_0000.png,1
20250116_0400.png,1
20250116_0800.png,1
20250116_1200.png,1
20250116_1600.png,1
20250116_2000.png,1
20250117_0000.png,1
20250117_0400.png,1
20250117_0800.png,1
20250117_1200.png,1
20250117_1600.png,1
20250117_2000.png,1
20250118_0000.png,1
20250118_0400.png,1
20250118_0800.png,1
20250118_1200.png,1
20250118_1600.png,1
20250118_2000.png,1
20250119_0000.png,1
20250119_0400.png,1
20250119_0800.png,1
20250119_1200.png,1
20250119_1600.png,1
20250119_2000.png,1
20250120_0000.png,1
20250120_0400.png,1
20250120_0800.png,1
20250120_1200.png,1
20250120_1600.png,1
20250120_2000.png,1
20250121_0000.png,1
20250121_0400.png,1
20250121_0800.png,1
20250121_1200.png,1
20250121_1600.png,1
20250121_2000.png,1
20250122_0000.png,1
20250122_0400.png,1
20250122_0800.png,1
20250122_1200.png,1
20250122_1600.png,1
20250122_2000.png,1
20250123_0000.png,1
20250123_0400.png,1
20250123_0800.png,1
20250123_1200.png,1
20250123_1600.png,1
20250123_2000.png,1
20250124_0000.png,1
20250124_0400.png,1
20250124_0800.png,1
20250124_1200.png,1
20250124_1600.png,1
20250124_2000.png,1
20250125_0000.png,1
20250125_0400.png,1
20250125_0800.png,1
20250125_1200.png,1
20250125_1600.png,1
20250125_2000.png,1
20250126_0000.png,1
20250126_0400.png,1
20250126_0800.png,1
20250126_1200.png,1
20250126_1600.png,1
20250126_2000.png,1
20250127_0000.png,1
20250127_0400.png,1
20250127_0800.png,1
20250127_1200.png,1
20250127_1600.png,1
20250127_2000.png,1
20250128_0000.png,1
20250128_0400.png,1
20250128_0800.png,1
20250128_1200.png,1
20250128_1600.png,1
20250128_2000.png,1
20250129_0000.png,1
20250129_0400.png,1
20250129_0800.png,1
20250129_1200.png,1
20250129_1600.png,1
20250129_2000.png,1
20250130_0000.png,1
20250130_0400.png,1
20250130_0800.png,1
20250130_1200.png,1
20250130_1600.png,1
20250130_2000.png,1
20250131_0000.png,1
20250131_0400.png,1
20250131_0800.png,1
20250131_1200.png,1
20250131_1600.png,1
20250131_2000.png,1
20250201_0000.png,1
20250201_0400.png,1
20250201_0800.png,1
20250201_1200.png,1
20250201_1600.png,1
20250201_2000.png,1
20250202_0000.png,0
20250202_0400.png,0
20250202_0800.png,0
20250202_1200.png,0
20250202_1600.png,0
20250202_2000.png,0
20250203_0000.png,0
20250203_0400.png,0
20250203_0800.png,0
20250203_1200.png,0
20250203_1600.png,0
20250203_2000.png,0
20250204_0000.png,0
20250204_0400.png,0
20250204_0800.png,0
20250204_1200.png,0
20250204_1600.png,0
20250204_2000.png,0
20250205_0000.png,0
20250205_0400.png,0
20250205_0800.png,0
20250205_1200.png,0
20250205_1600.png,0
20250205_2000.png,0
20250206_0000.png,0
20250206_0400.png,0
20250206_0800.png,0
20250206_1200.png,0
20250206_1600.png,0
20250206_2000.png,0
20250207_0000.png,0
20250207_0400.png,0
20250207_0800.png,0
20250207_1200.png,0
20250207_1600.png,0
20250207_2000.png,0
20250208_0000.png,0
20250208_0400.png,0
20250208_0800.png,0
20250208_1200.png,0
20250208_1600.png,0
20250208_2000.png,0
20250209_0000.png,0
20250209_0400.png,0
20250209_0800.png,0
20250209_1200.png,0
20250209_1600.png,0
20250209_2000.png,0
20250210_0000.png,0
20250210_0400.png,0
20250210_0800.png,0
20250210_1200.png,0
20250210_1600.png,0
20250210_2000.png,0
20250211_0000.png,0
20250211_0400.png,0
20250211_0800.png,0
20250211_1200.png,0
20250211_1600.png,0
20250211_2000.png,0
20250212_0000.png,0
20250212_0400.png,0
20250212_0800.png,0
20250212_1200.png,0
20250212_1600.png,0
20250212_2000.png,0
20250213_0000.png,0
20250213_0400.png,0
20250213_0800.png,0
20250213_1200.png,0
20250213_1600.png,0
20250213_2000.png,0
20250214_0000.png,0
20250214_0400.png,0
20250214_0800.png,0
20250214_1200.png,0
20250214_1600.png,0
20250214_2000.png,0
20250215_0000.png,0
20250215_0400.png,0
20250215_0800.png,0
20250215_1200.png,0
20250215_1600.png,0
20250215_2000.png,0
20250216_0000.png,0
20250216_0400.png,0
20250216_0800.png,0
20250216_1200.png,0
20250216_1600.png,0
20250216_2000.png,0
20250217_0000.png,0
20250217_0400.png,0
20250217_0800.png,0
20250217_1200.png,0
20250217_1600.png,0
20250217_2000.png,0
20250218_0000.png,0
20250218_0400.png,0
20250218_0800.png,0
20250218_1200.png,0
20250218_1600.png,0
20250218_2000.png,0
20250219_0000.png,0
20250219_0400.png,0
20250219_0800.png,0
20250219_1200.png,0
20250219_1600.png,0
20250219_2000.png,0
20250220_0000.png,0
20250220_0400.png,0
20250220_0800.png,0
20250220_1200.png,0
20250220_1600.png,0
20250220_2000.png,0
20250221_0000.png,1
20250221_0400.png,1
20250221_0800.png,1
20250221_1200.png,1
20250221_1600.png,1
20250221_2000.png,1
20250222_0000.png,0
20250222_0400.png,0
20250222_0800.png,0
20250222_1200.png,0
20250222_1600.png,0
20250222_2000.png,0
20250223_0000.png,0
20250223_0400.png,0
20250223_0800.png,0
20250223_1200.png,0
20250223_1600.png,0
20250223_2000.png,0
20250224_0000.png,0
20250224_0400.png,0
20250224_0800.png,0
20250224_1200.png,0
20250224_1600.png,0
20250224_2000.png,0
20250225_0000.png,0
20250225_0400.png,0
20250225_0800.png,0
20250225_1200.png,0
20250225_1600.png,0
20250225_2000.png,0
20250226_0000.png,0
20250226_0400.png,0
20250226_0800.png,0
20250226_1200.png,0
20250226_1600.png,0
20250226_2000.png,0
20250227_0000.png,0
20250227_0400.png,0
20250227_0800.png,0
20250227_1200.png,0
20250227_1600.png,0
20250227_2000.png,0
20250228_0000.png,0
20250228_0400.png,0
20250228_0800.png,0
20250228_1200.png,0
20250228_1600.png,0
20250228_2000.png,0
20250301_0000.png,0
20250301_0400.png,0
20250301_0800.png,0
20250301_1200.png,0
20250301_1600.png,0
20250301_2000.png,0
20250302_0000.png,0
20250302_0400.png,0
20250302_0800.png,0
20250302_1200.png,0
20250302_1600.png,0
20250302_2000.png,0
20250303_0000.png,1
20250303_0400.png,1
20250303_0800.png,1
20250303_1200.png,1
20250303_1600.png,1
20250303_2000.png,1
20250304_0000.png,0
20250304_0400.png,0
20250304_0800.png,0
20250304_1200.png,0
20250304_1600.png,0
20250304_2000.png,0
20250305_0000.png,0
20250305_0400.png,0
20250305_0800.png,0
20250305_1200.png,0
20250305_1600.png,0
20250305_2000.png,0
20250306_0000.png,0
20250306_0400.png,0
20250306_0800.png,0
20250306_1200.png,0
20250306_1600.png,0
20250306_2000.png,0
20250307_0000.png,0
20250307_0400.png,0
20250307_0800.png,0
20250307_1200.png,0
20250307_1600.png,0
20250307_2000.png,0
20250308_0000.png,0
20250308_0400.png,0
20250308_0800.png,0
20250308_1200.png,0
20250308_1600.png,0
20250308_2000.png,0
20250309_0000.png,0
20250309_0400.png,0
20250309_0800.png,0
20250309_1200.png,0
20250309_1600.png,0
20250309_2000.png,0
20250310_0000.png,0
20250310_0400.png,0
20250310_0800.png,0
20250310_1200.png,0
20250310_1600.png,0
20250310_2000.png,0
20250311_0000.png,0
20250311_0400.png,0
20250311_0800.png,0
20250311_1200.png,0
20250311_1600.png,0
20250311_2000.png,0
20250312_0000.png,0
20250312_0400.png,0
20250312_0800.png,0
20250312_1200.png,0
20250312_1600.png,0
20250312_2000.png,0
20250313_0000.png,0
20250313_0400.png,0
20250313_0800.png,0
20250313_1200.png,0
20250313_1600.png,0
20250313_2000.png,0
20250314_0000.png,0
20250314_0400.png,0
20250314_0800.png,0
20250314_1200.png,0
20250314_1600.png,0
20250314_2000.png,0
20250315_0000.png,0
20250315_0400.png,0
20250315_0800.png,0
20250315_1200.png,0
20250315_1600.png,0
20250315_2000.png,0
20250316_0000.png,0
20250316_0400.png,0
20250316_0800.png,0
20250316_1200.png,0
20250316_1600.png,0
20250316_2000.png,0
20250317_0000.png,0
20250317_0400.png,0
20250317_0800.png,0
20250317_1200.png,0
20250317_1600.png,0
20250317_2000.png,0
20250318_0000.png,0
20250318_0400.png,0
20250318_0800.png,0
20250318_1200.png,0
20250318_1600.png,0
20250318_2000.png,0
20250319_0000.png,0
20250319_0400.png,0
20250319_0800.png,0
20250319_1200.png,0
20250319_1600.png,0
20250319_2000.png,0
20250320_0000.png,1
20250320_0400.png,1
20250320_0800.png,1
20250320_1200.png,1
20250320_1600.png,1
20250320_2000.png,1
20250321_0000.png,0
20250321_0400.png,0
20250321_0800.png,0
20250321_1200.png,0
20250321_1600.png,0
20250321_2000.png,0
20250322_0000.png,0
20250322_0400.png,0
20250322_0800.png,0
20250322_1200.png,0
20250322_1600.png,0
20250322_2000.png,0
20250323_0000.png,0
20250323_0400.png,0
20250323_0800.png,0
20250323_1200.png,0
20250323_1600.png,0
20250323_2000.png,0
20250324_0000.png,1
20250324_0400.png,1
20250324_0800.png,1
20250324_1200.png,1
20250324_1600.png,1
20250324_2000.png,1
20250325_0000.png,1
20250325_0400.png,1
20250325_0800.png,1
20250325_1200.png,1
20250325_1600.png,1
20250325_2000.png,1
20250326_0000.png,1
20250326_0400.png,1
20250326_0800.png,1
20250326_1200.png,1
20250326_1600.png,1
20250326_2000.png,1
20250327_0000.png,1
20250327_0400.png,1
20250327_0800.png,1
20250327_1200.png,1
20250327_1600.png,1
20250327_2000.png,1
20250328_0000.png,1
20250328_0400.png,1
20250328_0800.png,1
20250328_1200.png,1
20250328_1600.png,1
20250328_2000.png,1
20250329_0000.png,1
20250329_0400.png,1
20250329_0800.png,1
20250329_1200.png,1
20250329_1600.png,1
20250329_2000.png,1
20250330_0000.png,0
20250330_0400.png,0
20250330_0800.png,0
20250330_1200.png,0
20250330_1600.png,0
20250330_2000.png,0
20250331_0000.png,0
20250331_0400.png,0
20250331_0800.png,0
20250331_1200.png,0
20250331_1600.png,0
20250331_2000.png,0
20250401_0000.png,0
20250401_0400.png,0
20250401_0800.png,0
20250401_1200.png,0
20250401_1600.png,0
20250401_2000.png,0
20250402_0000.png,1
20250402_0400.png,1
20250402_0800.png,1
20250402_1200.png,1
20250402_1600.png,1
20250402_2000.png,1
20250403_0000.png,0
20250403_0400.png,0
20250403_0800.png,0
20250403_1200.png,0
20250403_1600.png,0
20250403_2000.png,0
20250404_0000.png,0
20250404_0400.png,0
20250404_0800.png,0
20250404_1200.png,0
20250404_1600.png,0
20250404_2000.png,0
20250405_0000.png,0
20250405_0400.png,0
20250405_0800.png,0
20250405_1200.png,0
20250405_1600.png,0
20250405_2000.png,0
20250406_0000.png,0
20250406_0400.png,0
20250406_0800.png,0
20250406_1200.png,0
20250406_1600.png,0
20250406_2000.png,0
20250407_0000.png,0
20250407_0400.png,0
20250407_0800.png,0
20250407_1200.png,0
20250407_1600.png,0
20250407_2000.png,0
20250408_0000.png,0
20250408_0400.png,0
20250408_0800.png,0
20250408_1200.png,0
20250408_1600.png,0
20250408_2000.png,0
20250409_0000.png,0
20250409_0400.png,0
20250409_0800.png,0
20250409_1200.png,0
20250409_1600.png,0
20250409_2000.png,0
20250410_0000.png,0
20250410_0400.png,0
20250410_0800.png,0
20250410_1200.png,0
20250410_1600.png,0
20250410_2000.png,0
20250411_0000.png,0
20250411_0400.png,0
20250411_0800.png,0
20250411_1200.png,0
20250411_1600.png,0
20250411_2000.png,0
20250412_0000.png,1
20250412_0400.png,1
20250412_0800.png,1
20250412_1200.png,1
20250412_1600.png,1
20250412_2000.png,1
20250413_0000.png,1
20250413_0400.png,1
20250413_0800.png,1
20250413_1200.png,1
20250413_1600.png,1
20250413_2000.png,1
20250414_0000.png,1
20250414_0400.png,1
20250414_0800.png,1
20250414_1200.png,1
20250414_1600.png,1
20250414_2000.png,1
20250415_0000.png,1
20250415_0400.png,1
20250415_0800.png,1
20250415_1200.png,1
20250415_1600.png,1
20250415_2000.png,1
20250416_0000.png,1
20250416_0400.png,1
20250416_0800.png,1
20250416_1200.png,1
20250416_1600.png,1
20250416_2000.png,1
20250417_0000.png,1
20250417_0400.png,1
20250417_0800.png,1
20250417_1200.png,1
20250417_1600.png,1
20250417_2000.png,1
20250418_0000.png,1
20250418_0400.png,1
20250418_0800.png,1
20250418_1200.png,1
20250418_1600.png,1
20250418_2000.png,1
20250419_0000.png,1
20250419_0400.png,1
20250419_0800.png,1
20250419_1200.png,1
20250419_1600.png,1
20250419_2000.png,1
20250420_0000.png,1
20250420_0400.png,1
20250420_0800.png,1
20250420_1200.png,1
20250420_1600.png,1
20250420_2000.png,1
20250421_0000.png,1
20250421_0400.png,1
20250421_0800.png,1
20250421_1200.png,1
20250421_1600.png,1
20250421_2000.png,1
20250422_0000.png,1
20250422_0400.png,1
20250422_0800.png,1
20250422_1200.png,1
20250422_1600.png,1
20250422_2000.png,1
20250423_0000.png,1
20250423_0400.png,1
20250423_0800.png,1
20250423_1200.png,1
20250423_1600.png,1
20250423_2000.png,1
20250424_0000.png,1
20250424_0400.png,1
20250424_0800.png,1
20250424_1200.png,1
20250424_1600.png,1
20250424_2000.png,1
20250425_0000.png,1
20250425_0400.png,1
20250425_0800.png,1
20250425_1200.png,1
20250425_1600.png,1
20250425_2000.png,1
20250426_0000.png,1
20250426_0400.png,1
20250426_0800.png,1
20250426_1200.png,1
20250426_1600.png,1
20250426_2000.png,1
20250427_0000.png,1
20250427_0400.png,1
20250427_0800.png,1
20250427_1200.png,1
20250427_1600.png,1
20250427_2000.png,1
20250428_0000.png,1
20250428_0400.png,1
20250428_0800.png,1
20250428_1200.png,1
20250428_1600.png,1
20250428_2000.png,1
20250429_0000.png,1
20250429_0400.png,1
20250429_0800.png,1
20250429_1200.png,1
20250429_1600.png,1
20250429_2000.png,1
20250430_0000.png,1
20250430_0400.png,1
20250430_0800.png,1
20250430_1200.png,1
20250430_1600.png,1
20250430_2000.png,1
20250501_0000.png,1
20250501_0400.png,1
20250501_0800.png,1
20250501_1200.png,1
20250501_1600.png,1
20250501_2000.png,1
20250502_0000.png,1
20250502_0400.png,1
20250502_0800.png,1
20250502_1200.png,1
20250502_1600.png,1
20250502_2000.png,1
20250503_0000.png,1
20250503_0400.png,1
20250503_0800.png,1
20250503_1200.png,1
20250503_1600.png,1
20250503_2000.png,1
20250504_0000.png,1
20250504_0400.png,1
20250504_0800.png,1
20250504_1200.png,1
20250504_1600.png,1
20250504_2000.png,1
20250505_0000.png,1
20250505_0400.png,1
20250505_0800.png,1
20250505_1200.png,1
20250505_1600.png,1
20250505_2000.png,1
20250506_0000.png,1
20250506_0400.png,1
20250506_0800.png,1
20250506_1200.png,1
20250506_1600.png,1
20250506_2000.png,1
20250507_0000.png,1
20250507_0400.png,1
20250507_0800.png,1
20250507_1200.png,1
20250507_1600.png,1
20250507_2000.png,1
20250508_0000.png,1
20250508_0400.png,1
20250508_0800.png,1
20250508_1200.png,1
20250508_1600.png,1
20250508_2000.png,1
20250509_0000.png,1
20250509_0400.png,1
20250509_0800.png,1
20250509_1200.png,1
20250509_1600.png,1
20250509_2000.png,1
20250510_0000.png,1
20250510_0400.png,1
20250510_0800.png,1
20250510_1200.png,1
20250510_1600.png,1
20250510_2000.png,1
20250511_0000.png,1
20250511_0400.png,1
20250511_0800.png,1
20250511_1200.png,1
20250511_1600.png,1
20250511_2000.png,1
20250512_0000.png,1
20250512_0400.png,1
20250512_0800.png,1
20250512_1200.png,1
20250512_1600.png,1
20250512_2000.png,1
20250513_0000.png,1
20250513_0400.png,1
20250513_0800.png,1
20250513_1200.png,1
20250513_1600.png,1
20250513_2000.png,1
20250514_0000.png,1
20250514_0400.png,1
20250514_0800.png,1
20250514_1200.png,1
20250514_1600.png,1
20250514_2000.png,1
20250515_0000.png,1
20250515_0400.png,1
20250515_0800.png,1
20250515_1200.png,1
20250515_1600.png,1
20250515_2000.png,1
20250516_0000.png,1
20250516_0400.png,1
20250516_0800.png,1
20250516_1200.png,1
20250516_1600.png,1
20250516_2000.png,1
20250517_0000.png,1
20250517_0400.png,1
20250517_0800.png,1
20250517_1200.png,1
20250517_1600.png,1
20250517_2000.png,1
20250518_0000.png,1
20250518_0400.png,1
20250518_0800.png,1
20250518_1200.png,1
20250518_1600.png,1
20250518_2000.png,1
20250519_0000.png,1
20250519_0400.png,1
20250519_0800.png,1
20250519_1200.png,1
20250519_1600.png,1
20250519_2000.png,1
20250520_0000.png,1
20250520_0400.png,1
20250520_0800.png,1
20250520_1200.png,1
20250520_1600.png,1
20250520_2000.png,1
20250521_0000.png,1
20250521_0400.png,1
20250521_0800.png,1
20250521_1200.png,1
20250521_1600.png,1
20250521_2000.png,1
20250522_0000.png,1
20250522_0400.png,1
20250522_0800.png,1
20250522_1200.png,1
20250522_1600.png,1
20250522_2000.png,1
20250523_0000.png,1
20250523_0400.png,1
20250523_0800.png,1
20250523_1200.png,1
20250523_1600.png,1
20250523_2000.png,1
20250524_0000.png,1
20250524_0400.png,1
20250524_0800.png,1
20250524_1200.png,1
20250524_1600.png,1
20250524_2000.png,1
20250525_0000.png,1
20250525_0400.png,1
20250525_0800.png,1
20250525_1200.png,1
20250525_1600.png,1
20250525_2000.png,1
20250526_0000.png,1
20250526_0400.png,1
20250526_0800.png,1
20250526_1200.png,1
20250526_1600.png,1
20250526_2000.png,1
20250527_0000.png,1
20250527_0400.png,1
20250527_0800.png,1
20250527_1200.png,1
20250527_1600.png,1
20250527_2000.png,1
20250528_0000.png,1
20250528_0400.png,1
20250528_0800.png,1
20250528_1200.png,1
20250528_1600.png,1
20250528_2000.png,1
20250529_0000.png,1
20250529_0400.png,1
20250529_0800.png,1
20250529_1200.png,1
20250529_1600.png,1
20250529_2000.png,1
20250530_0000.png,0
20250530_0400.png,0
20250530_0800.png,0
20250530_1200.png,0
20250530_1600.png,0
20250530_2000.png,0
20250531_0000.png,0
20250531_0400.png,0
20250531_0800.png,0
20250531_1200.png,0
20250531_1600.png,0
20250531_2000.png,0
20250601_0000.png,0
20250601_0400.png,0
20250601_0800.png,0
20250601_1200.png,0
20250601_1600.png,0
20250601_2000.png,0
20250602_0000.png,0
20250602_0400.png,0
20250602_0800.png,0
20250602_1200.png,0
20250602_1600.png,0
20250602_2000.png,0
20250603_0000.png,0
20250603_0400.png,0
20250603_0800.png,0
20250603_1200.png,0
20250603_1600.png,0
20250603_2000.png,0
20250604_0000.png,0
20250604_0400.png,0
20250604_0800.png,0
20250604_1200.png,0
20250604_1600.png,0
20250604_2000.png,0
20250605_0000.png,0
20250605_0400.png,0
20250605_0800.png,0
20250605_1200.png,0
20250605_1600.png,0
20250605_2000.png,0
20250606_0000.png,0
20250606_0400.png,0
20250606_0800.png,0
20250606_1200.png,0
20250606_1600.png,0
20250606_2000.png,0
20250607_0000.png,0
20250607_0400.png,0
20250607_0800.png,0
20250607_1200.png,0
20250607_1600.png,0
20250607_2000.png,0
20250608_0000.png,0
20250608_0400.png,0
20250608_0800.png,0
20250608_1200.png,0
20250608_1600.png,0
20250608_2000.png,0
20250609_0000.png,0
20250609_0400.png,0
20250609_0800.png,0
20250609_1200.png,0
20250609_1600.png,0
20250609_2000.png,0
20250610_0000.png,1
20250610_0400.png,1
20250610_0800.png,1
20250610_1200.png,1
20250610_1600.png,1
20250610_2000.png,1
20250611_0000.png,1
20250611_0400.png,1
20250611_0800.png,1
20250611_1200.png,1
20250611_1600.png,1
20250611_2000.png,1
20250612_0000.png,1
20250612_0400.png,1
20250612_0800.png,1
20250612_1200.png,1
20250612_1600.png,1
20250612_2000.png,1
20250613_0000.png,0
20250613_0400.png,0
20250613_0800.png,0
20250613_1200.png,0
20250613_1600.png,0
20250613_2000.png,0
20250614_0000.png,0
20250614_0400.png,0
20250614_0800.png,0
20250614_1200.png,0
20250614_1600.png,0
20250614_2000.png,0
20250615_0000.png,0
20250615_0400.png,0
20250615_0800.png,0
20250615_1200.png,0
20250615_1600.png,0
20250615_2000.png,0
20250616_0000.png,0
20250616_0400.png,0
20250616_0800.png,0
20250616_1200.png,0
20250616_1600.png,0
20250616_2000.png,0
20250617_0000.png,1
20250617_0400.png,1
20250617_0800.png,1
20250617_1200.png,1
20250617_1600.png,1
20250617_2000.png,1
20250618_0000.png,0
20250618_0400.png,0
20250618_0800.png,0
20250618_1200.png,0
20250618_1600.png,0
20250618_2000.png,0
20250619_0000.png,0
20250619_0400.png,0
20250619_0800.png,0
20250619_1200.png,0
20250619_1600.png,0
20250619_2000.png,0
20250620_0000.png,0
20250620_0400.png,0
20250620_0800.png,0
20250620_1200.png,0
20250620_1600.png,0
20250620_2000.png,0
20250621_0000.png,0
20250621_0400.png,0
20250621_0800.png,0
20250621_1200.png,0
20250621_1600.png,0
20250621_2000.png,0
20250622_0000.png,0
20250622_0400.png,0
20250622_0800.png,0
20250622_1200.png,0
20250622_1600.png,0
20250622_2000.png,0
20250623_0000.png,0
20250623_0400.png,0
20250623_0800.png,0
20250623_1200.png,0
20250623_1600.png,0
20250623_2000.png,0
20250624_0000.png,1
20250624_0400.png,1
20250624_0800.png,1
20250624_1200.png,1
20250624_1600.png,1
20250624_2000.png,1
20250625_0000.png,1
20250625_0400.png,1
20250625_0800.png,1
20250625_1200.png,1
20250625_1600.png,1
20250625_2000.png,1
20250626_0000.png,1
20250626_0400.png,1
20250626_0800.png,1
20250626_1200.png,1
20250626_1600.png,1
20250626_2000.png,1
20250627_0000.png,1
20250627_0400.png,1
20250627_0800.png,1
20250627_1200.png,1
20250627_1600.png,1
20250627_2000.png,1
20250628_0000.png,1
20250628_0400.png,1
20250628_0800.png,1
20250628_1200.png,1
20250628_1600.png,1
20250628_2000.png,1
20250629_0000.png,1
20250629_0400.png,1
20250629_0800.png,1
20250629_1200.png,1
20250629_1600.png,1
20250629_2000.png,1
20250630_0000.png,1
20250630_0400.png,1
20250630_0800.png,1
20250630_1200.png,1
20250630_1600.png,1
20250630_2000.png,1
20250701_0000.png,1
20250701_0400.png,1
20250701_0800.png,1
20250701_1200.png,1
20250701_1600.png,1
20250701_2000.png,1
20250702_0000.png,1
20250702_0400.png,1
20250702_0800.png,1
20250702_1200.png,1
20250702_1600.png,1
20250702_2000.png,1
20250703_0000.png,1
20250703_0400.png,1
20250703_0800.png,1
20250703_1200.png,1
20250703_1600.png,1
20250703_2000.png,1
20250704_0000.png,1
20250704_0400.png,1
20250704_0800.png,1
20250704_1200.png,1
20250704_1600.png,1
20250704_2000.png,1
20250705_0000.png,1
20250705_0400.png,1
20250705_0800.png,1
20250705_1200.png,1
20250705_1600.png,1
20250705_2000.png,1
20250706_0000.png,1
20250706_0400.png,1
20250706_0800.png,1
20250706_1200.png,1
20250706_1600.png,1
20250706_2000.png,1
20250707_0000.png,1
20250707_0400.png,1
20250707_0800.png,1
20250707_1200.png,1
20250707_1600.png,1
20250707_2000.png,1
20250708_0000.png,1
20250708_0400.png,1
20250708_0800.png,1
20250708_1200.png,1
20250708_1600.png,1
20250708_2000.png,1
20250709_0000.png,1
20250709_0400.png,1
20250709_0800.png,1
20250709_1200.png,1
20250709_1600.png,1
20250709_2000.png,1
20250710_0000.png,1
20250710_0400.png,1
20250710_0800.png,1
20250710_1200.png,1
20250710_1600.png,1
20250710_2000.png,1
20250711_0000.png,1
20250711_0400.png,1
20250711_0800.png,1
20250711_1200.png,1
20250711_1600.png,1
20250711_2000.png,1
20250712_0000.png,1
20250712_0400.png,1
20250712_0800.png,1
20250712_1200.png,1
20250712_1600.png,1
20250712_2000.png,1
20250713_0000.png,1
20250713_0400.png,1
20250713_0800.png,1
20250713_1200.png,1
20250713_1600.png,1
20250713_2000.png,1
20250714_0000.png,1
20250714_0400.png,1
20250714_0800.png,1
20250714_1200.png,1
20250714_1600.png,1
20250714_2000.png,1
20250715_0000.png,1
20250715_0400.png,1
20250715_0800.png,1
20250715_1200.png,1
20250715_1600.png,1
20250715_2000.png,1
20250716_0000.png,1
20250716_0400.png,1
20250716_0800.png,1
20250716_1200.png,1
20250716_1600.png,1
20250716_2000.png,1
20250717_0000.png,1
20250717_0400.png,1
20250717_0800.png,1
20250717_1200.png,1
20250717_1600.png,1
20250717_2000.png,1
20250718_0000.png,1
20250718_0400.png,1
20250718_0800.png,1
20250718_1200.png,1
20250718_1600.png,1
20250718_2000.png,1
20250719_0000.png,1
20250719_0400.png,1
20250719_0800.png,1
20250719_1200.png,1
20250719_1600.png,1
20250719_2000.png,1
20250720_0000.png,1
20250720_0400.png,1
20250720_0800.png,1
20250720_1200.png,1
20250720_1600.png,1
20250720_2000.png,1
20250721_0000.png,1
20250721_0400.png,1
20250721_0800.png,1
20250721_1200.png,1
20250721_1600.png,1
20250721_2000.png,1
20250722_0000.png,1
20250722_0400.png,1
20250722_0800.png,1
20250722_1200.png,1
20250722_1600.png,1
20250722_2000.png,1
20250723_0000.png,1
20250723_0400.png,1
20250723_0800.png,1
20250723_1200.png,1
20250723_1600.png,1
20250723_2000.png,1
20250724_0000.png,1
20250724_0400.png,1
20250724_0800.png,1
20250724_1200.png,1
20250724_1600.png,1
20250724_2000.png,1
20250725_0000.png,1
20250725_0400.png,1
20250725_0800.png,1
20250725_1200.png,1
20250725_1600.png,1
20250725_2000.png,1
20250726_0000.png,1
20250726_0400.png,1
20250726_0800.png,1
20250726_1200.png,1
20250726_1600.png,1
20250726_2000.png,1
20250727_0000.png,1
20250727_0400.png,1
20250727_0800.png,1
20250727_1200.png,1
20250727_1600.png,1
20250727_2000.png,1
20250728_0000.png,1
20250728_0400.png,1
20250728_0800.png,1
20250728_1200.png,1
20250728_1600.png,1
20250728_2000.png,1
20250729_0000.png,1
20250729_0400.png,1
20250729_0800.png,1
20250729_1200.png,1
20250729_1600.png,1
20250729_2000.png,1
20250730_0000.png,0
20250730_0400.png,0
20250730_0800.png,0
20250730_1200.png,0
20250730_1600.png,0
20250730_2000.png,0
20250731_0000.png,0
20250731_0400.png,0
20250731_0800.png,0
20250731_1200.png,0
20250731_1600.png,0
20250731_2000.png,0
20250801_0000.png,0
20250801_0400.png,0
20250801_0800.png,0
20250801_1200.png,0
20250801_1600.png,0
20250801_2000.png,0
20250802_0000.png,0
20250802_0400.png,0
20250802_0800.png,0
20250802_1200.png,0
20250802_1600.png,0
20250802_2000.png,0
20250803_0000.png,0
20250803_0400.png,0
20250803_0800.png,0
20250803_1200.png,0
20250803_1600.png,0
20250803_2000.png,0
20250804_0000.png,0
20250804_0400.png,0
20250804_0800.png,0
20250804_1200.png,0
20250804_1600.png,0
20250804_2000.png,0
20250805_0000.png,0
20250805_0400.png,0
20250805_0800.png,0
20250805_1200.png,0
20250805_1600.png,0
20250805_2000.png,0
20250806_0000.png,0
20250806_0400.png,0
20250806_0800.png,0
20250806_1200.png,0
20250806_1600.png,0
20250806_2000.png,0
20250807_0000.png,0
20250807_0400.png,0
20250807_0800.png,0
20250807_1200.png,0
20250807_1600.png,0
20250807_2000.png,0
20250808_0000.png,1
20250808_0400.png,1
20250808_0800.png,1
20250808_1200.png,1
20250808_1600.png,1
20250808_2000.png,1
20250809_0000.png,0
20250809_0400.png,0
20250809_0800.png,0
20250809_1200.png,0
20250809_1600.png,0
20250809_2000.png,0
20250810_0000.png,0
20250810_0400.png,0
20250810_0800.png,0
20250810_1200.png,0
20250810_1600.png,0
20250810_2000.png,0
20250811_0000.png,1
20250811_0400.png,1
20250811_0800.png,1
20250811_1200.png,1
20250811_1600.png,1
20250811_2000.png,1
20250812_0000.png,1
20250812_0400.png,1
20250812_0800.png,1
20250812_1200.png,1
20250812_1600.png,1
20250812_2000.png,1
20250813_0000.png,1
20250813_0400.png,1
20250813_0800.png,1
20250813_1200.png,1
20250813_1600.png,1
20250813_2000.png,1
20250814_0000.png,1
20250814_0400.png,1
20250814_0800.png,1
20250814_1200.png,1
20250814_1600.png,1
20250814_2000.png,1
20250815_0000.png,1
20250815_0400.png,1
20250815_0800.png,1
20250815_1200.png,1
20250815_1600.png,1
20250815_2000.png,1
20250816_0000.png,1
20250816_0400.png,1
20250816_0800.png,1
20250816_1200.png,1
20250816_1600.png,1
20250816_2000.png,1
20250817_0000.png,1
20250817_0400.png,1
20250817_0800.png,1
20250817_1200.png,1
20250817_1600.png,1
20250817_2000.png,1
20250818_0000.png,1
20250818_0400.png,1
20250818_0800.png,1
20250818_1200.png,1
20250818_1600.png,1
20250818_2000.png,1
20250819_0000.png,0
20250819_0400.png,0
20250819_0800.png,0
20250819_1200.png,0
20250819_1600.png,0
20250819_2000.png,0
20250820_0000.png,0
20250820_0400.png,0
20250820_0800.png,0
20250820_1200.png,0
20250820_1600.png,0
20250820_2000.png,0
20250821_0000.png,0
20250821_0400.png,0
20250821_0800.png,0
20250821_1200.png,0
20250821_1600.png,0
20250821_2000.png,0
20250822_0000.png,0
20250822_0400.png,0
20250822_0800.png,0
20250822_1200.png,0
20250822_1600.png,0
20250822_2000.png,0
20250823_0000.png,1
20250823_0400.png,1
20250823_0800.png,1
20250823_1200.png,1
20250823_1600.png,1
20250823_2000.png,1
20250824_0000.png,0
20250824_0400.png,0
20250824_0800.png,0
20250824_1200.png,0
20250824_1600.png,0
20250824_2000.png,0
20250825_0000.png,0
20250825_0400.png,0
20250825_0800.png,0
20250825_1200.png,0
20250825_1600.png,0
20250825_2000.png,0
20250826_0000.png,0
20250826_0400.png,0
20250826_0800.png,0
20250826_1200.png,0
20250826_1600.png,0
20250826_2000.png,0
20250827_0000.png,0
20250827_0400.png,0
20250827_0800.png,0
20250827_1200.png,0
20250827_1600.png,0
20250827_2000.png,0
20250828_0000.png,0
20250828_0400.png,0
20250828_0800.png,0
20250828_1200.png,0
20250828_1600.png,0
20250828_2000.png,0
20250829_0000.png,0
20250829_0400.png,0
20250829_0800.png,0
20250829_1200.png,0
20250829_1600.png,0
20250829_2000.png,0
20250830_0000.png,0
20250830_0400.png,0
20250830_0800.png,0
20250830_1200.png,0
20250830_1600.png,0
20250830_2000.png,0
20250831_0000.png,0
20250831_0400.png,0
20250831_0800.png,0
20250831_1200.png,0
20250831_1600.png,0
20250831_2000.png,0
20250901_0000.png,0
20250901_0400.png,0
20250901_0800.png,0
20250901_1200.png,0
20250901_1600.png,0
20250901_2000.png,0
20250902_0000.png,0
20250902_0400.png,0
20250902_0800.png,0
20250902_1200.png,0
20250902_1600.png,0
20250902_2000.png,0
20250903_0000.png,0
20250903_0400.png,0
20250903_0800.png,0
20250903_1200.png,0
20250903_1600.png,0
20250903_2000.png,0
20250904_0000.png,0
20250904_0400.png,0
20250904_0800.png,0
20250904_1200.png,0
20250904_1600.png,0
20250904_2000.png,0
20250905_0000.png,0
20250905_0400.png,0
20250905_0800.png,0
20250905_1200.png,0
20250905_1600.png,0
20250905_2000.png,0
20250906_0000.png,0
20250906_0400.png,0
20250906_0800.png,0
20250906_1200.png,0
20250906_1600.png,0
20250906_2000.png,0
20250907_0000.png,0
20250907_0400.png,0
20250907_0800.png,0
20250907_1200.png,0
20250907_1600.png,0
20250907_2000.png,0
20250908_0000.png,0
20250908_0400.png,0
20250908_0800.png,0
20250908_1200.png,0
20250908_1600.png,0
20250908_2000.png,0
20250909_0000.png,1
20250909_0400.png,1
20250909_0800.png,1
20250909_1200.png,1
20250909_1600.png,1
20250909_2000.png,1
20250910_0000.png,1
20250910_0400.png,1
20250910_0800.png,1
20250910_1200.png,1
20250910_1600.png,1
20250910_2000.png,1
20250911_0000.png,1
20250911_0400.png,1
20250911_0800.png,1
20250911_1200.png,1
20250911_1600.png,1
20250911_2000.png,1
20250912_0000.png,1
20250912_0400.png,1
20250912_0800.png,1
20250912_1200.png,1
20250912_1600.png,1
20250912_2000.png,1
20250913_0000.png,1
20250913_0400.png,1
20250913_0800.png,1
20250913_1200.png,1
20250913_1600.png,1
20250913_2000.png,1
20250914_0000.png,1
20250914_0400.png,1
20250914_0800.png,1
20250914_1200.png,1
20250914_1600.png,1
20250914_2000.png,1
20250915_0000.png,1
20250915_0400.png,1
20250915_0800.png,1
20250915_1200.png,1
20250915_1600.png,1
20250915_2000.png,1
20250916_0000.png,1
20250916_0400.png,1
20250916_0800.png,1
20250916_1200.png,1
20250916_1600.png,1
20250916_2000.png,1
20250917_0000.png,1
20250917_0400.png,1
20250917_0800.png,1
20250917_1200.png,1
20250917_1600.png,1
20250917_2000.png,1
20250918_0000.png,1
20250918_0400.png,1
20250918_0800.png,1
20250918_1200.png,1
20250918_1600.png,1
20250918_2000.png,1
20250919_0000.png,1
20250919_0400.png,1
20250919_0800.png,1
20250919_1200.png,1
20250919_1600.png,1
20250919_2000.png,1
20250920_0000.png,1
20250920_0400.png,1
20250920_0800.png,1
20250920_1200.png,1
20250920_1600.png,1
20250920_2000.png,1
20250921_0000.png,1
20250921_0400.png,1
20250921_0800.png,1
20250921_1200.png,1
20250921_1600.png,1
20250921_2000.png,1
20250922_0000.png,1
20250922_0400.png,1
20250922_0800.png,1
20250922_1200.png,1
20250922_1600.png,1
20250922_2000.png,1
20250923_0000.png,0
20250923_0400.png,0
20250923_0800.png,0
20250923_1200.png,0
20250923_1600.png,0
20250923_2000.png,0
20250924_0000.png,0
20250924_0400.png,0
20250924_0800.png,0
20250924_1200.png,0
20250924_1600.png,0
20250924_2000.png,0
20250925_0000.png,0
20250925_0400.png,0
20250925_0800.png,0
20250925_1200.png,0
20250925_1600.png,0
20250925_2000.png,0
20250926_0000.png,0
20250926_0400.png,0
20250926_0800.png,0
20250926_1200.png,0
20250926_1600.png,0
20250926_2000.png,0
20250927_0000.png,0
20250927_0400.png,0
20250927_0800.png,0
20250927_1200.png,0
20250927_1600.png,0
20250927_2000.png,0
20250928_0000.png,0
20250928_0400.png,0
20250928_0800.png,0
20250928_1200.png,0
20250928_1600.png,0
20250928_2000.png,0
20250929_0000.png,0
20250929_0400.png,0
20250929_0800.png,0
20250929_1200.png,0
20250929_1600.png,0
20250929_2000.png,0
20250930_0000.png,1
20250930_0400.png,1
20250930_0800.png,1
20250930_1200.png,1
20250930_1600.png,1
20250930_2000.png,1
20251001_0000.png,0
20251001_0400.png,0
20251001_0800.png,0
20251001_1200.png,0
20251001_1600.png,0
20251001_2000.png,0
20251002_0000.png,1
20251002_0400.png,1
20251002_0800.png,1
20251002_1200.png,1
20251002_1600.png,1
20251002_2000.png,1
20251003_0000.png,1
20251003_0400.png,1
20251003_0800.png,1
20251003_1200.png,1
20251003_1600.png,1
20251003_2000.png,1
20251004_0000.png,1
20251004_0400.png,1
20251004_0800.png,1
20251004_1200.png,1
20251004_1600.png,1
20251004_2000.png,1
20251005_0000.png,1
20251005_0400.png,1
20251005_0800.png,1
20251005_1200.png,1
20251005_1600.png,1
20251005_2000.png,1
20251006_0000.png,1
20251006_0400.png,1
20251006_0800.png,1
20251006_1200.png,1
20251006_1600.png,1
20251006_2000.png,1
20251007_0000.png,1
20251007_0400.png,1
20251007_0800.png,1
20251007_1200.png,1
20251007_1600.png,1
20251007_2000.png,1
20251008_0000.png,1
20251008_0400.png,1
20251008_0800.png,1
20251008_1200.png,1
20251008_1600.png,1
20251008_2000.png,1
20251009_0000.png,1
20251009_0400.png,1
20251009_0800.png,1
20251009_1200.png,1
20251009_1600.png,1
20251009_2000.png,1
20251010_0000.png,1
20251010_0400.png,1
20251010_0800.png,1
20251010_1200.png,1
20251010_1600.png,1
20251010_2000.png,1
20251011_0000.png,0
20251011_0400.png,0
20251011_0800.png,0
20251011_1200.png,0
20251011_1600.png,0
20251011_2000.png,0
20251012_0000.png,0
20251012_0400.png,0
20251012_0800.png,0
20251012_1200.png,0
20251012_1600.png,0
20251012_2000.png,0
20251013_0000.png,0
20251013_0400.png,0
20251013_0800.png,0
20251013_1200.png,0
20251013_1600.png,0
20251013_2000.png,0
20251014_0000.png,0
20251014_0400.png,0
20251014_0800.png,0
20251014_1200.png,0
20251014_1600.png,0
20251014_2000.png,0
20251015_0000.png,0
20251015_0400.png,0
20251015_0800.png,0
20251015_1200.png,0
20251015_1600.png,0
20251015_2000.png,0
20251016_0000.png,0
20251016_0400.png,0
20251016_0800.png,0
20251016_1200.png,0
20251016_1600.png,0
20251016_2000.png,0
20251017_0000.png,0
20251017_0400.png,0
20251017_0800.png,0
20251017_1200.png,0
20251017_1600.png,0
20251017_2000.png,0
20251018_0000.png,0
20251018_0400.png,0
20251018_0800.png,0
20251018_1200.png,0
20251018_1600.png,0
20251018_2000.png,0
20251019_0000.png,0
20251019_0400.png,0
20251019_0800.png,0
20251019_1200.png,0
20251019_1600.png,0
20251019_2000.png,0
20251020_0000.png,0
20251020_0400.png,0
20251020_0800.png,0
20251020_1200.png,0
20251020_1600.png,0
20251020_2000.png,0
20251021_0000.png,0
20251021_0400.png,0
20251021_0800.png,0
20251021_1200.png,0
20251021_1600.png,0
20251021_2000.png,0
20251022_0000.png,0
20251022_0400.png,0
20251022_0800.png,0
20251022_1200.png,0
20251022_1600.png,0
20251022_2000.png,0
20251023_0000.png,0
20251023_0400.png,0
20251023_0800.png,0
20251023_1200.png,0
20251023_1600.png,0
20251023_2000.png,0
20251024_0000.png,0
20251024_0400.png,0
20251024_0800.png,0
20251024_1200.png,0
20251024_1600.png,0
20251024_2000.png,0
20251025_0000.png,0
20251025_0400.png,0
20251025_0800.png,0
20251025_1200.png,0
20251025_1600.png,0
20251025_2000.png,0
20251026_0000.png,0
20251026_0400.png,0
20251026_0800.png,0
20251026_1200.png,0
20251026_1600.png,0
20251026_2000.png,0
20251027_0000.png,1
20251027_0400.png,1
20251027_0800.png,1
20251027_1200.png,1
20251027_1600.png,1
20251027_2000.png,1
20251028_0000.png,1
20251028_0400.png,1
20251028_0800.png,1
20251028_1200.png,1
20251028_1600.png,1
20251028_2000.png,1
20251029_0000.png,1
20251029_0400.png,1
20251029_0800.png,1
20251029_1200.png,1
20251029_1600.png,1
20251029_2000.png,1
20251030_0000.png,0
20251030_0400.png,0
20251030_0800.png,0
20251030_1200.png,0
20251030_1600.png,0
20251030_2000.png,0
20251031_0000.png,0
20251031_0400.png,0
20251031_0800.png,0
20251031_1200.png,0
20251031_1600.png,0
20251031_2000.png,0
20251101_0000.png,0
20251101_0400.png,0
20251101_0800.png,0
20251101_1200.png,0
20251101_1600.png,0
20251101_2000.png,0
20251102_0000.png,0
20251102_0400.png,0
20251102_0800.png,0
20251102_1200.png,0
20251102_1600.png,0
20251102_2000.png,0
20251103_0000.png,1
20251103_0400.png,1
20251103_0800.png,1
20251103_1200.png,1
20251103_1600.png,1
20251103_2000.png,1
20251104_0000.png,0
20251104_0400.png,0
20251104_0800.png,0
20251104_1200.png,0
20251104_1600.png,0
20251104_2000.png,0
20251105_0000.png,0
20251105_0400.png,0
20251105_0800.png,0
20251105_1200.png,0
20251105_1600.png,0
20251105_2000.png,0
20251106_0000.png,0
20251106_0400.png,0
20251106_0800.png,0
20251106_1200.png,0
20251106_1600.png,0
20251106_2000.png,0
20251107_0000.png,0
20251107_0400.png,0
20251107_0800.png,0
20251107_1200.png,0
20251107_1600.png,0
20251107_2000.png,0
20251108_0000.png,0
20251108_0400.png,0
20251108_0800.png,0
20251108_1200.png,0
20251108_1600.png,0
20251108_2000.png,0
20251109_0000.png,0
20251109_0400.png,0
20251109_0800.png,0
20251109_1200.png,0
20251109_1600.png,0
20251109_2000.png,0
20251110_0000.png,0
20251110_0400.png,0
20251110_0800.png,0
20251110_1200.png,0
20251110_1600.png,0
20251110_2000.png,0
20251111_0000.png,0
20251111_0400.png,0
20251111_0800.png,0
20251111_1200.png,0
20251111_1600.png,0
20251111_2000.png,0
20251112_0000.png,0
20251112_0400.png,0
20251112_0800.png,0
20251112_1200.png,0
20251112_1600.png,0
20251112_2000.png,0
20251113_0000.png,0
20251113_0400.png,0
20251113_0800.png,0
20251113_1200.png,0
20251113_1600.png,0
20251113_2000.png,0
20251114_0000.png,0
20251114_0400.png,0
20251114_0800.png,0
20251114_1200.png,0
20251114_1600.png,0
20251114_2000.png,0
20251115_0000.png,0
20251115_0400.png,0
20251115_0800.png,0
20251115_1200.png,0
20251115_1600.png,0
20251115_2000.png,0
20251116_0000.png,0
20251116_0400.png,0
20251116_0800.png,0
20251116_1200.png,0
20251116_1600.png,0
20251116_2000.png,0
20251117_0000.png,0
20251117_0400.png,0
20251121_0800.png,0
20251121_1200.png,0
20251121_1600.png,0
20251121_2000.png,0
20251122_0000.png,0
20251122_0400.png,0
20251122_0800.png,0
20251122_1200.png,0
20251122_1600.png,0
20251122_2000.png,0
20251123_0000.png,0
20251123_0400.png,0
20251123_0800.png,0
20251123_1200.png,0
20251123_1600.png,0
20251123_2000.png,0
20251124_0000.png,0
20251124_0400.png,0
20251124_0800.png,0
20251124_1200.png,0
20251124_1600.png,0
20251124_2000.png,0
20251125_0000.png,0
20251125_0400.png,0
20251125_0800.png,0
20251125_1200.png,0
20251125_1600.png,0
20251125_2000.png,0
20251126_0000.png,0
20251126_0400.png,0
20251126_0800.png,0
20251126_1200.png,0
20251126_1600.png,0
20251126_2000.png,0
20251127_0000.png,0
20251127_0400.png,0
20251127_0800.png,0
20251127_1200.png,0
20251127_1600.png,0
20251127_2000.png,0
20251128_0000.png,0
20251128_0400.png,0
20251128_0800.png,0
20251128_1200.png,0
20251128_1600.png,0
20251128_2000.png,0
20251129_1600.png,0
20251201_0400.png,0
20251201_0800.png,0
20251201_1200.png,0
20251201_1600.png,0
20251201_2000.png,0
20251202_0000.png,0
20251202_0400.png,0
20251202_0800.png,0
20251202_1200.png,0
20251202_1600.png,0
20251202_2000.png,0
20251203_0000.png,1
20251203_0400.png,1
20251203_0800.png,1
20251203_1200.png,1
20251203_1600.png,1
20251203_2000.png,1
20251204_0000.png,1
20251204_0400.png,1
20251204_0800.png,1
20251204_1200.png,1
20251204_1600.png,1
20251204_2000.png,1
20251205_0000.png,1
20251205_0400.png,1
20251205_0800.png,1
20251205_1200.png,1
20251205_1600.png,1
20251205_2000.png,1
20251206_0000.png,0
20251206_0400.png,0
20251206_0800.png,0
20251206_1200.png,0
20251206_1600.png,0
20251206_2000.png,0
